Trip_Distance_km,Passenger_Count,Base_Fare,Per_Km_Rate,Per_Minute_Rate,Trip_Duration_Minutes,Time_of_Day_Afternoon,Time_of_Day_Evening,Time_of_Day_Morning,Time_of_Day_Night,Day_of_Week_Weekday,Day_of_Week_Weekend,Traffic_Conditions_High,Traffic_Conditions_Low,Traffic_Conditions_Medium,Weather_Clear,Weather_Rain,Weather_Snow,Trip_Price
25.09,2.0,3.25,1.87,0.33,70.95,0.0,0.0,1.0,0.0,0.0,1.0,0.0,0.0,1.0,0.0,0.0,1.0,73.5818
39.4,2.0,2.92,1.15,0.27,91.44,1.0,0.0,0.0,0.0,0.0,1.0,0.0,0.0,1.0,0.0,1.0,0.0,72.9188
25.42,4.0,2.73,1.47,0.37,42.88,0.0,0.0,0.0,1.0,1.0,0.0,0.0,1.0,0.0,1.0,0.0,0.0,65.6944
43.7,3.0,4.52,1.59,0.28,114.29,1.0,0.0,0.0,0.0,1.0,0.0,0.0,1.0,0.0,1.0,0.0,0.0,106.0042
31.54,2.0,3.09,1.91,0.26,93.37,0.0,0.0,1.0,0.0,1.0,0.0,1.0,0.0,0.0,1.0,0.0,0.0,87.6076
22.92,3.0,2.31,1.61,0.13,68.51,0.0,0.0,1.0,0.0,1.0,0.0,0.0,1.0,0.0,1.0,0.0,0.0,48.11750000000001
21.84,4.0,3.31,1.2,0.15,114.14,0.0,1.0,0.0,0.0,1.0,0.0,0.0,1.0,0.0,1.0,0.0,0.0,46.639
36.75,2.0,3.28,1.21,0.27,105.46,1.0,0.0,0.0,0.0,1.0,0.0,0.0,0.0,1.0,1.0,0.0,0.0,76.2217
25.42,2.0,3.59,0.69,0.27,87.25,0.0,0.0,1.0,0.0,1.0,0.0,0.0,1.0,0.0,0.0,1.0,0.0,47.33
35.14,2.0,3.88,0.81,0.28,55.94,1.0,0.0,0.0,0.0,0.0,1.0,0.0,0.0,1.0,1.0,0.0,0.0,48.006600000000006
19.77,4.0,2.57,2.0,0.16,34.47,0.0,0.0,0.0,1.0,1.0,0.0,0.0,1.0,0.0,1.0,0.0,0.0,47.6252
37.63,2.0,2.9,0.92,0.29,74.12,1.0,0.0,0.0,0.0,1.0,0.0,1.0,0.0,0.0,1.0,0.0,0.0,72.356
30.33,4.0,3.48,0.51,0.15,116.81,0.0,1.0,0.0,0.0,1.0,0.0,0.0,1.0,0.0,1.0,0.0,0.0,36.4698
21.11,4.0,4.61,0.69,0.18,84.06,1.0,0.0,0.0,0.0,0.0,1.0,1.0,0.0,0.0,0.0,1.0,0.0,34.3067
139.476514583775,1.0,4.37,1.38,0.2,46.85,0.0,1.0,0.0,0.0,1.0,0.0,0.0,1.0,0.0,1.0,0.0,0.0,296.0886973121837
25.14,3.0,3.87,1.04,0.31,42.11,0.0,0.0,0.0,1.0,1.0,0.0,1.0,0.0,0.0,0.0,1.0,0.0,43.069700000000005
40.2,3.0,3.38,1.53,0.2,66.51,0.0,0.0,1.0,0.0,1.0,0.0,1.0,0.0,0.0,1.0,0.0,0.0,78.18800000000002
28.85,1.0,3.27,0.61,0.47,91.67,0.0,0.0,1.0,0.0,1.0,0.0,1.0,0.0,0.0,1.0,0.0,0.0,63.9534
3.85,4.0,3.51,1.66,0.29,5.05,1.0,0.0,0.0,0.0,1.0,0.0,1.0,0.0,0.0,0.0,1.0,0.0,11.2645
3.22,3.0,2.83,1.63,0.31,93.78,1.0,0.0,0.0,0.0,1.0,0.0,0.0,1.0,0.0,0.0,1.0,0.0,37.1504
4.84,3.0,4.96,0.58,0.12,51.22,0.0,1.0,0.0,0.0,1.0,0.0,0.0,0.0,1.0,0.0,1.0,0.0,13.9136
19.29,3.0,3.99,1.51,0.16,94.79,0.0,1.0,0.0,0.0,0.0,1.0,0.0,1.0,0.0,1.0,0.0,0.0,48.2843
44.0,3.0,4.99,1.2,0.46,41.76,0.0,0.0,1.0,0.0,1.0,0.0,0.0,1.0,0.0,1.0,0.0,0.0,76.9996
31.59,3.0,2.26,1.72,0.42,40.38,0.0,0.0,1.0,0.0,1.0,0.0,1.0,0.0,0.0,1.0,0.0,0.0,73.5544
16.4,1.0,2.38,1.05,0.33,104.04,0.0,1.0,0.0,0.0,1.0,0.0,0.0,1.0,0.0,0.0,1.0,0.0,53.9332
9.67,4.0,2.96,1.94,0.26,42.3,0.0,0.0,1.0,0.0,0.0,1.0,0.0,0.0,1.0,1.0,0.0,0.0,32.7178
49.34,4.0,3.51,1.12,0.15,78.36,1.0,0.0,0.0,0.0,0.0,1.0,0.0,1.0,0.0,1.0,0.0,0.0,69.91480000000001
39.99,2.0,2.71,0.58,0.31,43.98,1.0,0.0,0.0,0.0,1.0,0.0,1.0,0.0,0.0,1.0,0.0,0.0,39.538
27.1,4.0,3.51,1.8,0.26,81.01,1.0,0.0,0.0,0.0,1.0,0.0,0.0,0.0,1.0,1.0,0.0,0.0,73.0726
9.15,2.0,2.12,0.84,0.48,81.26,1.0,0.0,0.0,0.0,1.0,0.0,0.0,0.0,1.0,0.0,0.0,1.0,48.8108
28.42,3.0,3.75,1.06,0.41,63.09,0.0,0.0,0.0,1.0,1.0,0.0,0.0,0.0,1.0,0.0,0.0,1.0,59.74210000000001
22.26,2.0,3.51,0.63,0.29,105.77,0.0,1.0,0.0,0.0,1.0,0.0,0.0,0.0,1.0,1.0,0.0,0.0,46.7471
9.91,2.0,2.49,1.21,0.42,97.64,0.0,0.0,1.0,0.0,0.0,1.0,0.0,0.0,1.0,1.0,0.0,0.0,57.075500000000005
30.03,1.0,3.31,1.05,0.36,83.21,1.0,0.0,0.0,0.0,1.0,0.0,1.0,0.0,0.0,1.0,0.0,0.0,64.7971
44.47,1.0,4.79,0.79,0.31,64.0,0.0,0.0,0.0,1.0,0.0,1.0,0.0,1.0,0.0,1.0,0.0,0.0,59.761300000000006
11.4,3.0,4.12,1.21,0.15,84.12,0.0,0.0,1.0,0.0,1.0,0.0,0.0,1.0,0.0,1.0,0.0,0.0,36.118
41.24,1.0,3.91,1.03,0.38,38.26,1.0,0.0,0.0,0.0,1.0,0.0,1.0,0.0,0.0,1.0,0.0,0.0,60.92600000000001
7.33,2.0,4.6,1.5,0.49,29.35,1.0,0.0,0.0,0.0,0.0,1.0,0.0,0.0,1.0,0.0,1.0,0.0,29.9765
47.13,4.0,4.15,1.3,0.23,6.47,0.0,1.0,0.0,0.0,1.0,0.0,0.0,1.0,0.0,1.0,0.0,0.0,66.90710000000001
33.59,1.0,3.66,0.57,0.42,111.71,1.0,0.0,0.0,0.0,1.0,0.0,0.0,1.0,0.0,0.0,1.0,0.0,69.7245
12.2,1.0,3.28,1.47,0.12,117.25,1.0,0.0,0.0,0.0,0.0,1.0,0.0,0.0,1.0,1.0,0.0,0.0,35.284
43.82,4.0,2.19,1.48,0.15,42.17,1.0,0.0,0.0,0.0,1.0,0.0,0.0,1.0,0.0,1.0,0.0,0.0,73.3691
21.93,3.0,4.53,0.76,0.29,74.52,1.0,0.0,0.0,0.0,1.0,0.0,0.0,1.0,0.0,1.0,0.0,0.0,48.024
31.67,1.0,3.52,1.21,0.11,10.16,0.0,0.0,1.0,0.0,1.0,0.0,0.0,1.0,0.0,1.0,0.0,0.0,23.9563
40.19,1.0,2.79,1.12,0.1,51.19,1.0,0.0,0.0,0.0,1.0,0.0,0.0,0.0,1.0,1.0,0.0,0.0,52.9218
47.5,2.0,4.39,0.51,0.3,95.55,0.0,0.0,1.0,0.0,0.0,1.0,0.0,1.0,0.0,1.0,0.0,0.0,57.28
16.94,3.0,3.92,1.93,0.42,100.24,1.0,0.0,0.0,0.0,1.0,0.0,0.0,0.0,1.0,0.0,0.0,1.0,78.715
23.97,1.0,2.79,1.24,0.26,48.93,0.0,0.0,1.0,0.0,1.0,0.0,1.0,0.0,0.0,1.0,0.0,0.0,45.2346
25.65,2.0,2.49,0.84,0.22,110.81,0.0,1.0,0.0,0.0,1.0,0.0,0.0,0.0,1.0,0.0,0.0,1.0,48.4142
30.68,1.0,2.75,1.44,0.27,93.45,0.0,0.0,0.0,1.0,1.0,0.0,0.0,0.0,1.0,1.0,0.0,0.0,72.16069999999999
27.04,2.0,2.3,0.67,0.15,61.64,0.0,0.0,0.0,1.0,1.0,0.0,1.0,0.0,0.0,1.0,0.0,0.0,25.6218
5.97,4.0,4.69,1.89,0.32,90.57,1.0,0.0,0.0,0.0,1.0,0.0,0.0,0.0,1.0,0.0,1.0,0.0,44.95569999999999
46.98,4.0,4.4,1.92,0.45,15.7,0.0,0.0,1.0,0.0,0.0,1.0,0.0,1.0,0.0,1.0,0.0,0.0,101.6666
16.93,4.0,2.17,1.12,0.37,59.09,1.0,0.0,0.0,0.0,1.0,0.0,0.0,1.0,0.0,0.0,0.0,1.0,42.9949
9.49,3.0,3.74,1.9,0.48,46.08,0.0,1.0,0.0,0.0,1.0,0.0,1.0,0.0,0.0,0.0,1.0,0.0,43.8894
39.08,2.0,2.44,1.63,0.29,36.57,1.0,0.0,0.0,0.0,1.0,0.0,0.0,1.0,0.0,1.0,0.0,0.0,83.694
14.57,4.0,4.97,0.6,0.29,118.39,1.0,0.0,0.0,0.0,1.0,0.0,0.0,0.0,1.0,1.0,0.0,0.0,37.39
25.42,3.0,2.21,0.82,0.23,42.84,0.0,1.0,0.0,0.0,1.0,0.0,0.0,0.0,1.0,1.0,0.0,0.0,37.4586
33.29,3.0,4.48,1.1,0.19,52.09,1.0,0.0,0.0,0.0,1.0,0.0,1.0,0.0,0.0,1.0,0.0,0.0,50.996100000000006
16.53,4.0,4.34,0.63,0.27,24.96,0.0,0.0,1.0,0.0,0.0,1.0,0.0,0.0,1.0,1.0,0.0,0.0,21.4931
17.56,1.0,3.22,1.22,0.11,103.66,0.0,1.0,0.0,0.0,1.0,0.0,0.0,1.0,0.0,1.0,0.0,0.0,36.0458
37.58,4.0,2.91,1.16,0.47,84.52,1.0,0.0,0.0,0.0,1.0,0.0,0.0,1.0,0.0,0.0,0.0,1.0,86.22719999999998
13.99,4.0,2.39,1.39,0.46,104.56,1.0,0.0,0.0,0.0,1.0,0.0,0.0,1.0,0.0,1.0,0.0,0.0,69.9337
28.93,2.0,3.31,2.0,0.46,29.14,0.0,0.0,1.0,0.0,1.0,0.0,0.0,0.0,1.0,1.0,0.0,0.0,74.5744
5.35,1.0,4.72,1.42,0.12,87.36,1.0,0.0,0.0,0.0,1.0,0.0,0.0,1.0,0.0,1.0,0.0,0.0,22.8002
36.81,2.0,2.45,1.87,0.39,19.66,0.0,0.0,1.0,0.0,1.0,0.0,0.0,1.0,0.0,1.0,0.0,0.0,78.95210000000002
19.37,3.0,4.69,0.69,0.11,81.08,0.0,0.0,1.0,0.0,1.0,0.0,0.0,0.0,1.0,1.0,0.0,0.0,26.9741
24.11,2.0,3.2,0.9,0.11,12.4,0.0,1.0,0.0,0.0,1.0,0.0,0.0,0.0,1.0,1.0,0.0,0.0,26.263
47.74,3.0,3.71,0.67,0.17,53.16,0.0,1.0,0.0,0.0,1.0,0.0,1.0,0.0,0.0,1.0,0.0,0.0,44.733
10.34,1.0,4.91,1.64,0.29,95.63,0.0,0.0,1.0,0.0,1.0,0.0,0.0,0.0,1.0,1.0,0.0,0.0,43.8625
29.91,1.0,4.38,1.4,0.11,58.4,1.0,0.0,0.0,0.0,1.0,0.0,0.0,1.0,0.0,1.0,0.0,0.0,52.678
46.2,1.0,2.93,1.46,0.43,16.33,0.0,0.0,1.0,0.0,1.0,0.0,0.0,0.0,1.0,1.0,0.0,0.0,77.40390000000001
26.86,4.0,2.87,1.32,0.31,54.4,1.0,0.0,0.0,0.0,1.0,0.0,0.0,1.0,0.0,1.0,0.0,0.0,55.1892
34.47,1.0,4.49,1.01,0.46,5.5,1.0,0.0,0.0,0.0,1.0,0.0,1.0,0.0,0.0,1.0,0.0,0.0,41.834700000000005
46.07,3.0,2.58,0.79,0.43,113.36,1.0,0.0,0.0,0.0,0.0,1.0,1.0,0.0,0.0,1.0,0.0,0.0,87.7201
19.34,2.0,2.06,1.51,0.46,104.31,1.0,0.0,0.0,0.0,0.0,1.0,0.0,1.0,0.0,1.0,0.0,0.0,79.24600000000001
3.76,4.0,4.31,1.55,0.16,75.06,0.0,0.0,1.0,0.0,1.0,0.0,0.0,1.0,0.0,1.0,0.0,0.0,22.1476
47.56,1.0,2.67,0.82,0.17,114.94,0.0,0.0,1.0,0.0,1.0,0.0,0.0,1.0,0.0,1.0,0.0,0.0,61.209
35.7,2.0,3.39,1.52,0.47,61.64,1.0,0.0,0.0,0.0,1.0,0.0,0.0,1.0,0.0,0.0,1.0,0.0,75.5657
32.04,4.0,4.44,1.02,0.41,9.1,1.0,0.0,0.0,0.0,1.0,0.0,0.0,1.0,0.0,1.0,0.0,0.0,40.8518
6.74,4.0,4.68,1.46,0.17,117.71,0.0,1.0,0.0,0.0,0.0,1.0,0.0,1.0,0.0,0.0,1.0,0.0,34.5311
1.56,4.0,2.93,1.31,0.37,79.16,1.0,0.0,0.0,0.0,1.0,0.0,1.0,0.0,0.0,1.0,0.0,0.0,34.2628
14.81,1.0,3.46,0.9,0.12,29.64,1.0,0.0,0.0,0.0,0.0,1.0,0.0,1.0,0.0,0.0,1.0,0.0,20.3458
45.81,2.0,3.51,1.41,0.28,26.73,0.0,1.0,0.0,0.0,1.0,0.0,1.0,0.0,0.0,1.0,0.0,0.0,75.03649999999999
18.18,2.0,2.72,0.7,0.49,63.0,0.0,1.0,0.0,0.0,1.0,0.0,1.0,0.0,0.0,0.0,1.0,0.0,46.316
31.18,1.0,2.71,0.79,0.35,89.23,1.0,0.0,0.0,0.0,1.0,0.0,0.0,0.0,1.0,1.0,0.0,0.0,58.5727
43.26,4.0,2.92,1.26,0.43,47.55,0.0,0.0,1.0,0.0,1.0,0.0,0.0,0.0,1.0,0.0,0.0,1.0,77.8741
49.24,2.0,4.64,0.79,0.13,85.63,1.0,0.0,0.0,0.0,1.0,0.0,0.0,0.0,1.0,1.0,0.0,0.0,54.67150000000001
39.04,4.0,3.51,1.08,0.28,61.79,1.0,0.0,0.0,0.0,1.0,0.0,0.0,0.0,1.0,1.0,0.0,0.0,62.0444
11.88,2.0,4.67,0.63,0.27,39.27,1.0,0.0,0.0,0.0,1.0,0.0,0.0,0.0,1.0,1.0,0.0,0.0,22.7573
17.97,3.0,4.85,0.82,0.15,91.83,0.0,0.0,1.0,0.0,0.0,1.0,0.0,1.0,0.0,1.0,0.0,0.0,33.3599
23.33,1.0,2.04,1.92,0.29,34.0,0.0,0.0,1.0,0.0,1.0,0.0,0.0,1.0,0.0,0.0,0.0,1.0,59.0736
44.74,2.0,4.67,0.83,0.18,51.82,0.0,0.0,1.0,0.0,1.0,0.0,0.0,0.0,1.0,0.0,1.0,0.0,51.1318
8.01,3.0,3.51,0.98,0.43,50.28,1.0,0.0,0.0,0.0,1.0,0.0,1.0,0.0,0.0,1.0,0.0,0.0,31.7102
45.83,4.0,4.5,1.36,0.39,54.66,0.0,1.0,0.0,0.0,1.0,0.0,0.0,0.0,1.0,1.0,0.0,0.0,88.1462
116.66768073006573,2.0,3.81,0.74,0.25,110.82,0.0,0.0,1.0,0.0,1.0,0.0,1.0,0.0,0.0,1.0,0.0,0.0,248.29520891209057
40.91,1.0,4.73,1.16,0.28,19.1,1.0,0.0,0.0,0.0,1.0,0.0,0.0,0.0,1.0,1.0,0.0,0.0,57.53359999999999
130.80900130744172,1.0,3.93,0.63,0.16,88.31,1.0,0.0,0.0,0.0,1.0,0.0,1.0,0.0,0.0,1.0,0.0,0.0,328.8717691378544
4.11,2.0,4.1,0.63,0.15,30.48,0.0,1.0,0.0,0.0,0.0,1.0,1.0,0.0,0.0,0.0,1.0,0.0,11.2613
12.86,1.0,2.39,1.13,0.4,56.62,0.0,1.0,0.0,0.0,1.0,0.0,0.0,1.0,0.0,1.0,0.0,0.0,39.5698
9.72,2.0,3.95,1.54,0.17,101.99,1.0,0.0,0.0,0.0,0.0,1.0,1.0,0.0,0.0,1.0,0.0,0.0,36.2571
40.68,3.0,3.01,1.11,0.12,84.0,0.0,0.0,1.0,0.0,1.0,0.0,0.0,1.0,0.0,1.0,0.0,0.0,58.2448
13.14,3.0,3.6,1.11,0.14,35.14,1.0,0.0,0.0,0.0,1.0,0.0,0.0,1.0,0.0,1.0,0.0,0.0,23.105000000000004
6.82,2.0,4.43,1.93,0.12,103.11,1.0,0.0,0.0,0.0,1.0,0.0,0.0,1.0,0.0,1.0,0.0,0.0,29.965799999999994
14.72,2.0,4.2,1.95,0.39,13.32,0.0,0.0,1.0,0.0,1.0,0.0,0.0,1.0,0.0,1.0,0.0,0.0,38.0988
48.16,1.0,3.72,1.63,0.28,100.12,1.0,0.0,0.0,0.0,0.0,1.0,0.0,1.0,0.0,0.0,1.0,0.0,110.2544
26.5,1.0,4.44,0.81,0.45,114.61,0.0,0.0,1.0,0.0,1.0,0.0,1.0,0.0,0.0,1.0,0.0,0.0,77.4795
23.58,2.0,2.54,0.6,0.34,38.5,1.0,0.0,0.0,0.0,1.0,0.0,0.0,0.0,1.0,1.0,0.0,0.0,29.778
33.95,2.0,2.86,1.42,0.15,61.64,1.0,0.0,0.0,0.0,1.0,0.0,0.0,0.0,1.0,0.0,1.0,0.0,59.475
19.35,3.0,3.56,0.8,0.32,53.82,0.0,0.0,1.0,0.0,1.0,0.0,0.0,1.0,0.0,1.0,0.0,0.0,36.2624
13.48,3.0,3.21,1.07,0.22,96.07,1.0,0.0,0.0,0.0,1.0,0.0,0.0,1.0,0.0,0.0,1.0,0.0,38.769
18.55,1.0,4.28,1.07,0.14,61.64,1.0,0.0,0.0,0.0,1.0,0.0,0.0,0.0,1.0,1.0,0.0,0.0,25.3115
3.52,2.0,2.35,1.21,0.36,106.23,1.0,0.0,0.0,0.0,1.0,0.0,0.0,1.0,0.0,1.0,0.0,0.0,42.4232
30.11,3.0,3.25,1.33,0.3,36.34,0.0,0.0,1.0,0.0,1.0,0.0,0.0,0.0,1.0,1.0,0.0,0.0,54.1983
28.36,3.0,2.48,1.21,0.13,99.77,1.0,0.0,0.0,0.0,0.0,1.0,1.0,0.0,0.0,1.0,0.0,0.0,49.7657
32.48,3.0,4.29,0.99,0.27,19.3,0.0,1.0,0.0,0.0,1.0,0.0,0.0,1.0,0.0,1.0,0.0,0.0,41.65619999999999
46.31,1.0,4.74,1.8,0.35,61.64,1.0,0.0,0.0,0.0,1.0,0.0,0.0,0.0,1.0,0.0,1.0,0.0,96.939
6.87,2.0,2.56,1.5,0.23,9.0,0.0,0.0,1.0,0.0,1.0,0.0,0.0,0.0,1.0,0.0,1.0,0.0,14.935
2.14,4.0,4.01,0.79,0.25,43.3,1.0,0.0,0.0,0.0,0.0,1.0,1.0,0.0,0.0,1.0,0.0,0.0,16.525599999999997
40.17,3.0,3.81,0.66,0.42,62.66,0.0,1.0,0.0,0.0,1.0,0.0,0.0,1.0,0.0,1.0,0.0,0.0,56.6394
2.3,1.0,3.51,1.54,0.47,38.81,0.0,0.0,1.0,0.0,0.0,1.0,0.0,0.0,1.0,0.0,0.0,1.0,26.4327
25.42,1.0,3.43,0.91,0.5,67.43,0.0,0.0,1.0,0.0,0.0,1.0,0.0,0.0,1.0,1.0,0.0,0.0,60.077
6.77,2.0,2.38,0.92,0.36,5.1,1.0,0.0,0.0,0.0,0.0,1.0,1.0,0.0,0.0,1.0,0.0,0.0,10.4444
25.42,2.0,2.47,0.83,0.45,80.7,1.0,0.0,0.0,0.0,0.0,1.0,0.0,0.0,1.0,1.0,0.0,0.0,76.1018
26.59,2.0,4.39,0.93,0.1,51.41,0.0,0.0,1.0,0.0,1.0,0.0,0.0,0.0,1.0,1.0,0.0,0.0,34.2597
33.74,4.0,4.97,0.92,0.42,48.47,1.0,0.0,0.0,0.0,1.0,0.0,1.0,0.0,0.0,0.0,1.0,0.0,56.3682
40.96,1.0,3.94,1.82,0.4,35.89,0.0,0.0,1.0,0.0,0.0,1.0,1.0,0.0,0.0,1.0,0.0,0.0,92.8432
2.24,1.0,4.46,0.52,0.14,102.26,1.0,0.0,0.0,0.0,1.0,0.0,0.0,1.0,0.0,1.0,0.0,0.0,19.9412
18.82,2.0,2.05,0.63,0.12,74.75,1.0,0.0,0.0,0.0,1.0,0.0,0.0,1.0,0.0,0.0,1.0,0.0,22.8766
36.02,2.0,3.34,1.28,0.29,119.17,0.0,0.0,1.0,0.0,0.0,1.0,0.0,1.0,0.0,1.0,0.0,0.0,79.2381
6.05,3.0,3.89,0.84,0.33,46.98,0.0,0.0,1.0,0.0,1.0,0.0,0.0,0.0,1.0,1.0,0.0,0.0,24.4754
12.74,4.0,4.03,1.8,0.16,52.47,0.0,1.0,0.0,0.0,1.0,0.0,0.0,1.0,0.0,0.0,1.0,0.0,35.357200000000006
25.11,4.0,3.66,1.34,0.25,88.1,1.0,0.0,0.0,0.0,1.0,0.0,0.0,0.0,1.0,1.0,0.0,0.0,59.3324
25.42,4.0,2.98,1.24,0.28,36.68,1.0,0.0,0.0,0.0,0.0,1.0,0.0,0.0,1.0,0.0,1.0,0.0,44.7092
26.09,4.0,3.92,0.87,0.45,62.23,1.0,0.0,0.0,0.0,1.0,0.0,0.0,0.0,1.0,0.0,1.0,0.0,54.62179999999999
9.36,1.0,2.4,1.85,0.15,7.07,1.0,0.0,0.0,0.0,1.0,0.0,0.0,0.0,1.0,1.0,0.0,0.0,20.7765
35.5,2.0,3.21,1.91,0.35,111.09,1.0,0.0,0.0,0.0,0.0,1.0,0.0,1.0,0.0,0.0,1.0,0.0,109.89649999999996
45.03,1.0,2.76,0.95,0.24,32.28,1.0,0.0,0.0,0.0,1.0,0.0,1.0,0.0,0.0,1.0,0.0,0.0,53.2857
2.41,2.0,3.47,0.87,0.19,31.26,1.0,0.0,0.0,0.0,1.0,0.0,0.0,1.0,0.0,1.0,0.0,0.0,11.5061
43.96,2.0,2.29,1.08,0.25,37.22,1.0,0.0,0.0,0.0,1.0,0.0,0.0,1.0,0.0,1.0,0.0,0.0,59.0718
7.74,1.0,3.51,1.29,0.12,21.54,1.0,0.0,0.0,0.0,1.0,0.0,0.0,1.0,0.0,1.0,0.0,0.0,15.0994
37.56,4.0,3.22,1.93,0.15,56.81,0.0,0.0,1.0,0.0,1.0,0.0,0.0,1.0,0.0,1.0,0.0,0.0,84.23230000000001
25.63,3.0,4.21,1.21,0.18,15.48,1.0,0.0,0.0,0.0,1.0,0.0,0.0,0.0,1.0,1.0,0.0,0.0,54.1556
43.99,2.0,2.64,0.96,0.29,74.71,0.0,0.0,0.0,1.0,1.0,0.0,0.0,1.0,0.0,1.0,0.0,0.0,66.5363
43.44,3.0,2.97,1.87,0.23,61.64,0.0,1.0,0.0,0.0,0.0,1.0,0.0,1.0,0.0,1.0,0.0,0.0,101.1216
11.36,1.0,3.51,1.66,0.36,115.59,1.0,0.0,0.0,0.0,0.0,1.0,0.0,1.0,0.0,1.0,0.0,0.0,62.8
11.96,2.0,4.81,1.49,0.27,70.7,0.0,1.0,0.0,0.0,1.0,0.0,0.0,0.0,1.0,0.0,0.0,1.0,41.71940000000001
4.63,2.0,4.95,0.91,0.39,24.87,1.0,0.0,0.0,0.0,1.0,0.0,0.0,0.0,1.0,1.0,0.0,0.0,18.8626
28.28,2.0,4.41,1.88,0.16,87.9,0.0,1.0,0.0,0.0,1.0,0.0,0.0,0.0,1.0,0.0,1.0,0.0,71.6404
19.23,3.0,3.48,1.9,0.42,117.75,0.0,0.0,1.0,0.0,1.0,0.0,0.0,0.0,1.0,1.0,0.0,0.0,89.472
42.71,3.0,2.32,1.21,0.15,33.91,0.0,0.0,1.0,0.0,1.0,0.0,0.0,1.0,0.0,1.0,0.0,0.0,48.4081
8.1,1.0,2.62,0.98,0.13,31.19,1.0,0.0,0.0,0.0,0.0,1.0,1.0,0.0,0.0,1.0,0.0,0.0,14.6127
43.73,4.0,4.64,1.97,0.44,108.76,0.0,0.0,1.0,0.0,1.0,0.0,0.0,1.0,0.0,1.0,0.0,0.0,138.6425
48.22,3.0,4.96,1.99,0.22,19.21,0.0,0.0,0.0,1.0,1.0,0.0,0.0,0.0,1.0,1.0,0.0,0.0,105.144
25.42,3.0,4.03,0.74,0.14,49.37,1.0,0.0,0.0,0.0,1.0,0.0,0.0,1.0,0.0,1.0,0.0,0.0,18.7636
19.44,2.0,4.04,1.82,0.47,33.26,0.0,0.0,0.0,1.0,1.0,0.0,0.0,1.0,0.0,1.0,0.0,0.0,55.053
44.67,2.0,4.55,1.12,0.46,14.16,1.0,0.0,0.0,0.0,0.0,1.0,0.0,0.0,1.0,0.0,1.0,0.0,61.09400000000001
48.62,1.0,2.15,1.17,0.11,74.49,1.0,0.0,0.0,0.0,0.0,1.0,0.0,1.0,0.0,0.0,1.0,0.0,67.2293
41.14,3.0,4.14,1.71,0.17,46.78,0.0,1.0,0.0,0.0,0.0,1.0,0.0,0.0,1.0,0.0,1.0,0.0,82.44200000000001
2.1,3.0,3.51,1.05,0.22,94.38,0.0,0.0,1.0,0.0,0.0,1.0,0.0,1.0,0.0,1.0,0.0,0.0,25.4386
18.11,2.0,2.93,1.61,0.37,74.66,0.0,1.0,0.0,0.0,1.0,0.0,0.0,1.0,0.0,0.0,1.0,0.0,59.7113
33.46,2.0,2.23,0.63,0.12,64.07,1.0,0.0,0.0,0.0,0.0,1.0,0.0,1.0,0.0,0.0,1.0,0.0,30.9982
25.67,3.0,2.59,1.82,0.4,30.6,0.0,0.0,1.0,0.0,0.0,1.0,1.0,0.0,0.0,1.0,0.0,0.0,61.54940000000001
32.04,3.0,3.26,0.65,0.2,31.8,1.0,0.0,0.0,0.0,1.0,0.0,0.0,1.0,0.0,1.0,0.0,0.0,30.446
41.3,1.0,2.22,1.21,0.2,71.5,1.0,0.0,0.0,0.0,1.0,0.0,0.0,0.0,1.0,0.0,1.0,0.0,37.17
20.05,2.0,3.02,0.86,0.39,24.61,0.0,1.0,0.0,0.0,1.0,0.0,0.0,1.0,0.0,1.0,0.0,0.0,29.8609
40.37,1.0,3.46,1.9,0.43,84.32,1.0,0.0,0.0,0.0,1.0,0.0,1.0,0.0,0.0,0.0,1.0,0.0,116.42059999999998
49.66,4.0,4.86,1.15,0.16,68.75,1.0,0.0,0.0,0.0,0.0,1.0,1.0,0.0,0.0,1.0,0.0,0.0,72.969
11.44,1.0,3.0,1.28,0.2,103.06,0.0,0.0,1.0,0.0,0.0,1.0,0.0,1.0,0.0,0.0,1.0,0.0,38.2552
138.09832791310237,4.0,2.24,1.75,0.32,94.86,0.0,1.0,0.0,0.0,0.0,1.0,0.0,0.0,1.0,0.0,1.0,0.0,280.87730155406564
46.4,4.0,3.63,1.46,0.33,92.78,1.0,0.0,0.0,0.0,1.0,0.0,0.0,1.0,0.0,1.0,0.0,0.0,101.9914
8.37,3.0,2.27,1.62,0.29,80.78,0.0,0.0,0.0,1.0,0.0,1.0,0.0,1.0,0.0,0.0,1.0,0.0,52.9882
14.4,2.0,2.39,1.98,0.19,18.17,1.0,0.0,0.0,0.0,0.0,1.0,0.0,1.0,0.0,1.0,0.0,0.0,34.3543
20.02,3.0,3.37,0.61,0.12,63.16,0.0,0.0,0.0,1.0,1.0,0.0,1.0,0.0,0.0,1.0,0.0,0.0,23.1614
46.17,4.0,4.13,1.57,0.28,83.15,1.0,0.0,0.0,0.0,1.0,0.0,0.0,0.0,1.0,1.0,0.0,0.0,99.8989
10.22,2.0,3.5,0.63,0.23,59.81,0.0,0.0,1.0,0.0,1.0,0.0,0.0,1.0,0.0,1.0,0.0,0.0,23.694900000000004
38.42,1.0,4.29,0.63,0.4,65.68,1.0,0.0,0.0,0.0,1.0,0.0,0.0,1.0,0.0,1.0,0.0,0.0,54.76660000000001
27.07,1.0,2.23,0.74,0.25,35.88,0.0,1.0,0.0,0.0,1.0,0.0,0.0,0.0,1.0,1.0,0.0,0.0,31.2318
29.34,2.0,2.05,1.59,0.48,70.14,1.0,0.0,0.0,0.0,1.0,0.0,1.0,0.0,0.0,1.0,0.0,0.0,82.3678
22.15,2.0,2.56,0.91,0.42,24.45,0.0,0.0,1.0,0.0,0.0,1.0,0.0,1.0,0.0,1.0,0.0,0.0,32.985499999999995
46.54,2.0,2.07,0.84,0.22,85.74,0.0,0.0,1.0,0.0,1.0,0.0,0.0,1.0,0.0,0.0,1.0,0.0,60.0264
47.53,2.0,2.11,0.77,0.2,90.19,0.0,0.0,1.0,0.0,1.0,0.0,0.0,0.0,1.0,1.0,0.0,0.0,56.7461
5.26,1.0,3.74,1.65,0.31,67.5,0.0,0.0,1.0,0.0,1.0,0.0,0.0,1.0,0.0,1.0,0.0,0.0,33.344
7.84,4.0,3.73,0.82,0.3,53.8,0.0,0.0,1.0,0.0,1.0,0.0,0.0,0.0,1.0,1.0,0.0,0.0,26.2988
48.29,3.0,3.1,1.57,0.23,109.74,1.0,0.0,0.0,0.0,0.0,1.0,0.0,0.0,1.0,0.0,1.0,0.0,104.1555
19.6,3.0,4.82,1.4,0.29,63.47,0.0,0.0,1.0,0.0,1.0,0.0,0.0,0.0,1.0,1.0,0.0,0.0,48.127500000000005
39.91,4.0,3.65,1.33,0.44,42.63,0.0,1.0,0.0,0.0,1.0,0.0,0.0,0.0,1.0,1.0,0.0,0.0,75.4875
40.53,1.0,3.35,1.26,0.26,16.46,1.0,0.0,0.0,0.0,1.0,0.0,0.0,0.0,1.0,1.0,0.0,0.0,58.6974
25.42,1.0,3.41,0.57,0.39,92.72,1.0,0.0,0.0,0.0,1.0,0.0,0.0,0.0,1.0,1.0,0.0,0.0,57.9476
27.59,1.0,2.07,1.03,0.46,67.33,0.0,1.0,0.0,0.0,0.0,1.0,0.0,0.0,1.0,0.0,1.0,0.0,61.459500000000006
27.1,3.0,4.11,1.05,0.18,113.75,1.0,0.0,0.0,0.0,1.0,0.0,1.0,0.0,0.0,1.0,0.0,0.0,53.040000000000006
18.65,1.0,4.75,0.98,0.36,87.41,1.0,0.0,0.0,0.0,1.0,0.0,0.0,0.0,1.0,1.0,0.0,0.0,54.49459999999999
26.3,2.0,3.03,1.61,0.39,52.71,0.0,1.0,0.0,0.0,1.0,0.0,0.0,0.0,1.0,1.0,0.0,0.0,65.9299
31.82,4.0,3.08,0.98,0.32,8.93,1.0,0.0,0.0,0.0,0.0,1.0,1.0,0.0,0.0,0.0,1.0,0.0,37.1212
42.4,4.0,4.6,0.79,0.36,15.91,1.0,0.0,0.0,0.0,1.0,0.0,0.0,1.0,0.0,1.0,0.0,0.0,43.823600000000006
5.96,2.0,4.96,0.69,0.23,81.77,1.0,0.0,0.0,0.0,1.0,0.0,0.0,1.0,0.0,1.0,0.0,0.0,27.8795
5.18,2.0,2.49,1.29,0.21,59.81,0.0,1.0,0.0,0.0,1.0,0.0,0.0,0.0,1.0,1.0,0.0,0.0,21.7323
9.99,4.0,4.33,0.85,0.43,34.0,0.0,0.0,0.0,1.0,1.0,0.0,1.0,0.0,0.0,1.0,0.0,0.0,27.4415
45.12,4.0,3.51,1.52,0.2,35.34,1.0,0.0,0.0,0.0,1.0,0.0,0.0,0.0,1.0,1.0,0.0,0.0,79.70039999999999
49.53,2.0,4.16,1.19,0.16,36.33,0.0,0.0,1.0,0.0,1.0,0.0,0.0,0.0,1.0,1.0,0.0,0.0,68.9135
15.0,3.0,4.72,1.76,0.21,73.07,0.0,0.0,0.0,1.0,1.0,0.0,0.0,1.0,0.0,0.0,0.0,1.0,46.46469999999999
7.59,2.0,3.95,0.67,0.25,59.78,1.0,0.0,0.0,0.0,1.0,0.0,1.0,0.0,0.0,1.0,0.0,0.0,23.9803
2.19,1.0,2.8,0.51,0.18,14.2,1.0,0.0,0.0,0.0,1.0,0.0,0.0,0.0,1.0,1.0,0.0,0.0,6.472899999999999
26.19,1.0,4.85,1.05,0.27,106.96,1.0,0.0,0.0,0.0,1.0,0.0,0.0,1.0,0.0,1.0,0.0,0.0,61.2287
3.54,2.0,3.21,0.7,0.26,55.94,1.0,0.0,0.0,0.0,0.0,1.0,0.0,1.0,0.0,0.0,0.0,1.0,20.2324
1.54,3.0,3.62,1.56,0.38,10.13,1.0,0.0,0.0,0.0,1.0,0.0,1.0,0.0,0.0,1.0,0.0,0.0,9.8718
47.57,2.0,4.0,0.74,0.42,99.07,1.0,0.0,0.0,0.0,1.0,0.0,0.0,1.0,0.0,0.0,1.0,0.0,80.81119999999999
49.02,4.0,4.9,1.65,0.16,59.03,1.0,0.0,0.0,0.0,0.0,1.0,0.0,1.0,0.0,1.0,0.0,0.0,95.2278
18.85,3.0,2.25,0.87,0.3,98.29,1.0,0.0,0.0,0.0,1.0,0.0,0.0,1.0,0.0,1.0,0.0,0.0,48.1365
41.04,1.0,3.5,1.06,0.4,41.3,1.0,0.0,0.0,0.0,0.0,1.0,1.0,0.0,0.0,1.0,0.0,0.0,63.522400000000005
8.87,3.0,4.96,1.19,0.37,24.8,0.0,0.0,0.0,1.0,1.0,0.0,0.0,1.0,0.0,1.0,0.0,0.0,24.6913
38.25,1.0,3.49,1.18,0.17,109.53,0.0,0.0,1.0,0.0,1.0,0.0,0.0,1.0,0.0,0.0,1.0,0.0,67.24510000000001
4.72,1.0,4.28,1.48,0.48,50.89,1.0,0.0,0.0,0.0,1.0,0.0,0.0,1.0,0.0,0.0,1.0,0.0,35.6928
13.07,2.0,3.27,1.4,0.19,16.47,1.0,0.0,0.0,0.0,0.0,1.0,0.0,0.0,1.0,1.0,0.0,0.0,24.6973
1.81,1.0,2.86,1.71,0.32,20.63,0.0,0.0,0.0,1.0,1.0,0.0,0.0,1.0,0.0,0.0,1.0,0.0,12.5567
35.15,1.0,2.76,1.21,0.21,96.08,1.0,0.0,0.0,0.0,1.0,0.0,0.0,0.0,1.0,0.0,1.0,0.0,91.8308
6.25,4.0,2.05,1.23,0.37,94.31,0.0,0.0,0.0,1.0,0.0,1.0,0.0,0.0,1.0,0.0,0.0,1.0,44.6322
6.1,3.0,2.74,1.34,0.29,48.23,0.0,1.0,0.0,0.0,1.0,0.0,0.0,0.0,1.0,1.0,0.0,0.0,32.1352
37.79,1.0,4.86,0.98,0.2,13.64,1.0,0.0,0.0,0.0,1.0,0.0,0.0,0.0,1.0,1.0,0.0,0.0,44.6222
18.56,1.0,4.74,1.21,0.47,44.62,0.0,0.0,1.0,0.0,0.0,1.0,0.0,0.0,1.0,0.0,0.0,1.0,45.385000000000005
27.43,4.0,2.58,1.59,0.28,23.53,0.0,0.0,1.0,0.0,0.0,1.0,0.0,1.0,0.0,0.0,1.0,0.0,52.7821
22.44,3.0,3.0,1.25,0.23,63.08,0.0,0.0,1.0,0.0,1.0,0.0,1.0,0.0,0.0,1.0,0.0,0.0,45.5584
38.0,2.0,4.54,1.85,0.29,30.31,0.0,1.0,0.0,0.0,1.0,0.0,1.0,0.0,0.0,1.0,0.0,0.0,83.6299
31.96,3.0,3.55,0.94,0.29,14.64,1.0,0.0,0.0,0.0,1.0,0.0,1.0,0.0,0.0,1.0,0.0,0.0,35.0564
102.74755620694734,2.0,2.23,1.8,0.23,53.09,0.0,1.0,0.0,0.0,1.0,0.0,0.0,0.0,1.0,1.0,0.0,0.0,274.53508679715014
40.56,3.0,2.31,0.67,0.44,119.54,0.0,1.0,0.0,0.0,0.0,1.0,0.0,0.0,1.0,0.0,1.0,0.0,82.0828
23.67,1.0,4.76,1.73,0.38,43.49,0.0,1.0,0.0,0.0,1.0,0.0,0.0,0.0,1.0,0.0,0.0,1.0,62.2353
5.12,4.0,3.17,1.92,0.21,75.09,0.0,0.0,1.0,0.0,0.0,1.0,0.0,1.0,0.0,1.0,0.0,0.0,28.7693
21.95,3.0,4.05,0.88,0.1,44.99,0.0,0.0,1.0,0.0,1.0,0.0,0.0,0.0,1.0,1.0,0.0,0.0,27.865
7.68,3.0,3.48,1.52,0.48,94.11,0.0,1.0,0.0,0.0,1.0,0.0,0.0,0.0,1.0,1.0,0.0,0.0,60.32639999999999
28.5,1.0,4.92,1.78,0.46,109.33,1.0,0.0,0.0,0.0,1.0,0.0,0.0,0.0,1.0,1.0,0.0,0.0,105.9418
47.07,4.0,2.06,1.86,0.15,71.04,0.0,0.0,1.0,0.0,1.0,0.0,0.0,0.0,1.0,0.0,1.0,0.0,100.2662
22.31,2.0,3.15,1.94,0.31,26.43,1.0,0.0,0.0,0.0,1.0,0.0,0.0,1.0,0.0,1.0,0.0,0.0,54.6247
7.87,2.0,3.52,1.57,0.16,64.51,1.0,0.0,0.0,0.0,1.0,0.0,0.0,1.0,0.0,1.0,0.0,0.0,26.1975
41.91,2.0,4.82,1.19,0.34,26.72,1.0,0.0,0.0,0.0,1.0,0.0,0.0,0.0,1.0,1.0,0.0,0.0,63.7777
21.78,4.0,3.15,0.56,0.12,91.02,1.0,0.0,0.0,0.0,1.0,0.0,0.0,1.0,0.0,1.0,0.0,0.0,26.2692
12.88,4.0,4.81,0.76,0.18,98.13,0.0,0.0,1.0,0.0,1.0,0.0,0.0,0.0,1.0,0.0,1.0,0.0,32.2622
34.83,3.0,4.83,1.12,0.41,87.5,1.0,0.0,0.0,0.0,1.0,0.0,0.0,0.0,1.0,0.0,0.0,1.0,79.71459999999999
6.29,3.0,4.15,1.37,0.21,80.37,1.0,0.0,0.0,0.0,1.0,0.0,0.0,1.0,0.0,1.0,0.0,0.0,29.645000000000003
9.91,2.0,2.32,1.26,0.34,41.72,0.0,1.0,0.0,0.0,1.0,0.0,1.0,0.0,0.0,1.0,0.0,0.0,28.9914
39.79,1.0,2.33,1.9,0.36,61.64,1.0,0.0,0.0,0.0,1.0,0.0,1.0,0.0,0.0,0.0,0.0,1.0,101.5506
2.93,2.0,4.93,1.58,0.3,113.48,0.0,1.0,0.0,0.0,0.0,1.0,0.0,0.0,1.0,0.0,0.0,1.0,43.60339999999999
26.48,3.0,2.15,1.25,0.2,47.97,0.0,0.0,1.0,0.0,0.0,1.0,0.0,0.0,1.0,1.0,0.0,0.0,44.844
16.27,1.0,2.34,1.21,0.41,97.35,0.0,0.0,1.0,0.0,1.0,0.0,0.0,1.0,0.0,1.0,0.0,0.0,64.05529999999999
42.97,4.0,4.88,1.9,0.38,59.08,1.0,0.0,0.0,0.0,0.0,1.0,0.0,1.0,0.0,1.0,0.0,0.0,108.9734
9.54,1.0,2.1,1.79,0.33,42.43,1.0,0.0,0.0,0.0,0.0,1.0,0.0,1.0,0.0,0.0,1.0,0.0,33.1785
25.42,3.0,4.37,0.8,0.49,18.39,1.0,0.0,0.0,0.0,1.0,0.0,1.0,0.0,0.0,1.0,0.0,0.0,14.6611
2.24,3.0,2.63,0.68,0.33,13.69,0.0,1.0,0.0,0.0,0.0,1.0,0.0,0.0,1.0,1.0,0.0,0.0,8.6709
9.44,1.0,4.56,0.57,0.18,14.92,0.0,0.0,1.0,0.0,1.0,0.0,0.0,1.0,0.0,1.0,0.0,0.0,12.6264
44.8,1.0,4.51,1.58,0.35,94.11,0.0,0.0,1.0,0.0,0.0,1.0,0.0,1.0,0.0,1.0,0.0,0.0,108.2325
13.22,2.0,3.79,0.68,0.37,51.92,0.0,0.0,1.0,0.0,1.0,0.0,0.0,1.0,0.0,0.0,1.0,0.0,31.99
21.79,2.0,4.37,1.17,0.34,5.61,0.0,1.0,0.0,0.0,1.0,0.0,1.0,0.0,0.0,1.0,0.0,0.0,31.7717
26.95,2.0,2.44,1.32,0.22,61.64,1.0,0.0,0.0,0.0,0.0,1.0,0.0,1.0,0.0,1.0,0.0,0.0,44.7548
49.35,2.0,2.7,1.8,0.36,49.86,0.0,0.0,1.0,0.0,1.0,0.0,0.0,1.0,0.0,1.0,0.0,0.0,109.4796
25.42,4.0,4.84,1.43,0.2,67.58,0.0,1.0,0.0,0.0,1.0,0.0,0.0,0.0,1.0,1.0,0.0,0.0,54.7066
12.32,3.0,3.8,1.15,0.31,6.37,1.0,0.0,0.0,0.0,1.0,0.0,0.0,1.0,0.0,1.0,0.0,0.0,19.9427
32.42,4.0,2.58,1.41,0.11,14.18,0.0,1.0,0.0,0.0,1.0,0.0,0.0,1.0,0.0,1.0,0.0,0.0,49.852
28.2,2.0,4.74,1.03,0.22,15.0,0.0,0.0,1.0,0.0,0.0,1.0,0.0,1.0,0.0,1.0,0.0,0.0,37.086
37.87,1.0,3.76,1.21,0.26,70.65,0.0,0.0,0.0,1.0,1.0,0.0,1.0,0.0,0.0,1.0,0.0,0.0,64.5434
43.41,2.0,2.96,1.25,0.14,5.66,1.0,0.0,0.0,0.0,1.0,0.0,0.0,1.0,0.0,0.0,1.0,0.0,58.0149
25.42,2.0,3.05,0.74,0.35,105.71,0.0,1.0,0.0,0.0,1.0,0.0,0.0,1.0,0.0,1.0,0.0,0.0,74.58429999999998
25.42,3.0,2.81,1.04,0.34,61.64,0.0,0.0,1.0,0.0,1.0,0.0,1.0,0.0,0.0,0.0,0.0,1.0,66.85679999999999
20.07,2.0,3.34,0.85,0.15,78.37,0.0,1.0,0.0,0.0,1.0,0.0,0.0,0.0,1.0,0.0,0.0,1.0,32.155
32.85,4.0,2.44,1.18,0.42,31.52,0.0,0.0,0.0,1.0,1.0,0.0,0.0,0.0,1.0,1.0,0.0,0.0,54.4414
108.14699381139414,1.0,2.25,1.21,0.36,97.16,0.0,0.0,1.0,0.0,1.0,0.0,0.0,1.0,0.0,1.0,0.0,0.0,239.17140732641303
25.42,3.0,2.03,0.91,0.19,12.42,1.0,0.0,0.0,0.0,1.0,0.0,0.0,0.0,1.0,0.0,1.0,0.0,31.4168
31.77,4.0,4.77,1.11,0.49,67.1,1.0,0.0,0.0,0.0,1.0,0.0,0.0,1.0,0.0,1.0,0.0,0.0,72.9137
22.17,4.0,2.34,1.97,0.41,57.59,0.0,0.0,0.0,1.0,1.0,0.0,0.0,1.0,0.0,1.0,0.0,0.0,69.6268
25.42,3.0,2.93,0.63,0.32,22.64,0.0,1.0,0.0,0.0,1.0,0.0,1.0,0.0,0.0,1.0,0.0,0.0,15.618000000000002
25.42,4.0,2.22,0.9,0.4,119.82,0.0,0.0,1.0,0.0,1.0,0.0,0.0,1.0,0.0,1.0,0.0,0.0,69.336
40.12,2.0,3.88,1.61,0.24,116.97,0.0,0.0,1.0,0.0,0.0,1.0,1.0,0.0,0.0,1.0,0.0,0.0,96.546
46.12,3.0,4.11,1.86,0.21,59.7,1.0,0.0,0.0,0.0,1.0,0.0,0.0,1.0,0.0,1.0,0.0,0.0,102.4302
16.27,1.0,4.55,0.79,0.17,61.64,0.0,1.0,0.0,0.0,1.0,0.0,1.0,0.0,0.0,0.0,1.0,0.0,28.164300000000004
13.71,3.0,3.54,0.76,0.3,27.87,1.0,0.0,0.0,0.0,1.0,0.0,0.0,1.0,0.0,1.0,0.0,0.0,22.3206
37.16,1.0,3.04,0.89,0.23,44.3,0.0,1.0,0.0,0.0,0.0,1.0,0.0,0.0,1.0,0.0,0.0,1.0,46.3014
25.42,3.0,4.0,1.87,0.15,100.36,0.0,0.0,1.0,0.0,1.0,0.0,0.0,1.0,0.0,1.0,0.0,0.0,51.031000000000006
14.76,3.0,3.89,1.92,0.47,49.98,0.0,1.0,0.0,0.0,0.0,1.0,0.0,0.0,1.0,1.0,0.0,0.0,55.71979999999999
12.85,4.0,3.94,0.61,0.29,26.63,0.0,1.0,0.0,0.0,1.0,0.0,0.0,1.0,0.0,0.0,0.0,1.0,23.4957
22.51,4.0,2.5,1.66,0.19,28.35,0.0,0.0,1.0,0.0,1.0,0.0,0.0,1.0,0.0,1.0,0.0,0.0,45.2531
35.95,2.0,3.13,0.92,0.41,33.13,0.0,1.0,0.0,0.0,1.0,0.0,0.0,1.0,0.0,1.0,0.0,0.0,49.78730000000001
32.12,4.0,2.63,1.12,0.43,112.31,1.0,0.0,0.0,0.0,1.0,0.0,1.0,0.0,0.0,0.0,1.0,0.0,86.89770000000001
29.15,2.0,2.32,1.84,0.24,108.44,1.0,0.0,0.0,0.0,1.0,0.0,0.0,0.0,1.0,1.0,0.0,0.0,81.9816
41.79,3.0,4.6,1.77,0.11,86.95,0.0,0.0,0.0,1.0,0.0,1.0,1.0,0.0,0.0,1.0,0.0,0.0,88.13279999999999
116.196063616616,4.0,2.2,0.85,0.25,19.63,1.0,0.0,0.0,0.0,0.0,1.0,0.0,0.0,1.0,1.0,0.0,0.0,206.69956969976877
39.47,1.0,3.51,1.21,0.35,7.59,1.0,0.0,0.0,0.0,1.0,0.0,0.0,1.0,0.0,1.0,0.0,0.0,83.69649999999999
40.91,1.0,3.34,1.65,0.36,47.96,1.0,0.0,0.0,0.0,1.0,0.0,0.0,0.0,1.0,1.0,0.0,0.0,88.1071
36.4,4.0,4.05,1.34,0.29,117.94,1.0,0.0,0.0,0.0,1.0,0.0,0.0,0.0,1.0,1.0,0.0,0.0,94.105
14.97,2.0,2.43,0.86,0.18,37.85,0.0,1.0,0.0,0.0,1.0,0.0,0.0,1.0,0.0,0.0,1.0,0.0,22.1172
39.0,1.0,2.19,1.56,0.43,64.81,0.0,1.0,0.0,0.0,0.0,1.0,0.0,1.0,0.0,1.0,0.0,0.0,90.8983
6.22,4.0,3.87,1.16,0.47,75.63,1.0,0.0,0.0,0.0,0.0,1.0,0.0,0.0,1.0,1.0,0.0,0.0,46.6313
5.06,1.0,2.8,1.22,0.48,83.63,0.0,0.0,1.0,0.0,1.0,0.0,0.0,0.0,1.0,1.0,0.0,0.0,49.11559999999999
23.45,1.0,2.02,1.94,0.1,104.02,1.0,0.0,0.0,0.0,1.0,0.0,0.0,1.0,0.0,1.0,0.0,0.0,57.915
23.96,3.0,3.11,1.52,0.43,102.92,1.0,0.0,0.0,0.0,1.0,0.0,0.0,1.0,0.0,1.0,0.0,0.0,83.7848
38.84,1.0,4.81,1.23,0.29,64.42,1.0,0.0,0.0,0.0,1.0,0.0,0.0,1.0,0.0,1.0,0.0,0.0,62.89040000000001
9.64,4.0,3.53,1.28,0.29,87.39,0.0,1.0,0.0,0.0,1.0,0.0,0.0,0.0,1.0,1.0,0.0,0.0,39.4645
49.51,2.0,4.84,0.78,0.2,13.75,0.0,0.0,1.0,0.0,0.0,1.0,0.0,0.0,1.0,1.0,0.0,0.0,46.207800000000006
16.94,4.0,2.56,0.63,0.19,65.42,0.0,0.0,1.0,0.0,0.0,1.0,0.0,1.0,0.0,1.0,0.0,0.0,25.662
13.37,2.0,2.85,1.92,0.19,114.32,1.0,0.0,0.0,0.0,1.0,0.0,0.0,1.0,0.0,0.0,1.0,0.0,50.2412
48.52,2.0,2.6,1.4,0.35,73.59,0.0,1.0,0.0,0.0,0.0,1.0,0.0,0.0,1.0,1.0,0.0,0.0,96.2845
19.87,1.0,4.4,1.34,0.38,27.6,1.0,0.0,0.0,0.0,0.0,1.0,1.0,0.0,0.0,1.0,0.0,0.0,41.5138
2.25,3.0,3.99,1.88,0.5,61.64,0.0,1.0,0.0,0.0,0.0,1.0,0.0,1.0,0.0,1.0,0.0,0.0,40.65
7.57,3.0,3.42,1.7,0.23,103.8,1.0,0.0,0.0,0.0,1.0,0.0,1.0,0.0,0.0,1.0,0.0,0.0,40.163
44.83,3.0,2.17,1.09,0.19,72.04,1.0,0.0,0.0,0.0,0.0,1.0,0.0,0.0,1.0,0.0,0.0,1.0,64.7223
10.04,2.0,2.16,1.86,0.22,107.25,1.0,0.0,0.0,0.0,0.0,1.0,0.0,1.0,0.0,1.0,0.0,0.0,44.4294
18.76,2.0,2.57,0.9,0.29,117.24,1.0,0.0,0.0,0.0,1.0,0.0,1.0,0.0,0.0,1.0,0.0,0.0,53.4536
48.82,2.0,2.27,1.7,0.14,101.76,0.0,1.0,0.0,0.0,1.0,0.0,1.0,0.0,0.0,1.0,0.0,0.0,99.5104
17.61,1.0,4.26,1.34,0.47,64.68,0.0,0.0,1.0,0.0,1.0,0.0,0.0,1.0,0.0,1.0,0.0,0.0,58.257000000000005
37.09,4.0,3.33,1.87,0.18,61.64,0.0,1.0,0.0,0.0,0.0,1.0,0.0,1.0,0.0,1.0,0.0,0.0,76.46470000000001
20.55,3.0,3.73,1.48,0.4,47.54,0.0,1.0,0.0,0.0,1.0,0.0,0.0,1.0,0.0,0.0,0.0,1.0,53.16
6.76,2.0,3.2,1.3,0.45,35.43,1.0,0.0,0.0,0.0,0.0,1.0,0.0,0.0,1.0,1.0,0.0,0.0,27.9315
25.32,4.0,3.58,1.81,0.36,37.19,0.0,1.0,0.0,0.0,0.0,1.0,0.0,0.0,1.0,0.0,1.0,0.0,62.7976
19.02,2.0,2.55,1.36,0.12,54.88,0.0,1.0,0.0,0.0,1.0,0.0,0.0,0.0,1.0,1.0,0.0,0.0,35.0028
6.68,2.0,3.32,1.35,0.38,12.08,0.0,0.0,0.0,1.0,0.0,1.0,0.0,0.0,1.0,1.0,0.0,0.0,16.9284
25.42,2.0,2.15,1.62,0.47,42.81,0.0,1.0,0.0,0.0,1.0,0.0,0.0,1.0,0.0,1.0,0.0,0.0,29.7551
26.63,2.0,2.52,1.21,0.34,57.22,1.0,0.0,0.0,0.0,0.0,1.0,1.0,0.0,0.0,1.0,0.0,0.0,57.1264
40.17,2.0,3.13,1.88,0.22,65.69,1.0,0.0,0.0,0.0,1.0,0.0,0.0,0.0,1.0,0.0,1.0,0.0,93.1014
31.52,1.0,4.89,0.65,0.19,19.55,1.0,0.0,0.0,0.0,1.0,0.0,0.0,1.0,0.0,1.0,0.0,0.0,29.0925
1.27,2.0,4.47,0.62,0.16,37.99,0.0,0.0,1.0,0.0,1.0,0.0,1.0,0.0,0.0,1.0,0.0,0.0,11.3358
3.11,3.0,4.42,0.59,0.16,36.62,0.0,1.0,0.0,0.0,0.0,1.0,0.0,1.0,0.0,1.0,0.0,0.0,12.1141
23.66,3.0,3.53,0.61,0.15,52.82,0.0,0.0,1.0,0.0,1.0,0.0,0.0,0.0,1.0,1.0,0.0,0.0,25.8856
46.7,2.0,4.94,1.21,0.35,14.65,0.0,0.0,0.0,1.0,1.0,0.0,0.0,0.0,1.0,1.0,0.0,0.0,53.0315
44.47,2.0,4.95,1.71,0.24,59.18,0.0,1.0,0.0,0.0,1.0,0.0,1.0,0.0,0.0,1.0,0.0,0.0,95.1969
41.31,2.0,4.9,1.1,0.29,21.18,1.0,0.0,0.0,0.0,1.0,0.0,0.0,0.0,1.0,1.0,0.0,0.0,56.05960000000001
15.43,2.0,2.73,0.93,0.16,75.12,0.0,1.0,0.0,0.0,1.0,0.0,1.0,0.0,0.0,1.0,0.0,0.0,29.0991
43.44,1.0,3.51,0.79,0.19,11.01,0.0,0.0,1.0,0.0,1.0,0.0,0.0,1.0,0.0,1.0,0.0,0.0,39.9195
12.17,4.0,2.15,1.73,0.31,7.35,1.0,0.0,0.0,0.0,0.0,1.0,0.0,1.0,0.0,0.0,1.0,0.0,25.4826
37.75,2.0,3.55,0.56,0.12,44.99,0.0,1.0,0.0,0.0,1.0,0.0,0.0,0.0,1.0,0.0,0.0,1.0,30.0888
23.08,4.0,2.38,1.31,0.24,89.61,0.0,0.0,1.0,0.0,0.0,1.0,0.0,0.0,1.0,0.0,1.0,0.0,54.1212
42.76,2.0,4.85,1.29,0.17,67.92,1.0,0.0,0.0,0.0,1.0,0.0,0.0,0.0,1.0,0.0,1.0,0.0,71.5568
39.64,4.0,2.65,1.17,0.42,19.92,1.0,0.0,0.0,0.0,1.0,0.0,0.0,0.0,1.0,0.0,1.0,0.0,57.3952
17.54,2.0,2.56,1.29,0.49,52.06,0.0,0.0,1.0,0.0,1.0,0.0,0.0,1.0,0.0,0.0,1.0,0.0,50.696
6.39,4.0,4.28,1.31,0.38,102.57,0.0,1.0,0.0,0.0,1.0,0.0,1.0,0.0,0.0,1.0,0.0,0.0,51.6275
49.32,1.0,2.45,1.43,0.14,112.17,0.0,1.0,0.0,0.0,1.0,0.0,0.0,1.0,0.0,1.0,0.0,0.0,88.6814
30.92,4.0,2.47,1.31,0.23,15.73,0.0,0.0,1.0,0.0,1.0,0.0,0.0,1.0,0.0,0.0,1.0,0.0,46.5931
14.3,3.0,4.99,0.99,0.37,108.2,0.0,0.0,0.0,1.0,1.0,0.0,1.0,0.0,0.0,1.0,0.0,0.0,59.181
45.83,3.0,2.5,0.57,0.48,61.64,0.0,0.0,1.0,0.0,0.0,1.0,0.0,0.0,1.0,1.0,0.0,0.0,65.9479
14.14,4.0,3.06,1.21,0.49,82.16,0.0,1.0,0.0,0.0,1.0,0.0,0.0,1.0,0.0,1.0,0.0,0.0,59.8622
21.22,2.0,3.76,1.85,0.3,100.66,0.0,0.0,1.0,0.0,1.0,0.0,0.0,0.0,1.0,1.0,0.0,0.0,73.21499999999999
29.95,4.0,2.63,1.33,0.33,81.84,0.0,0.0,1.0,0.0,1.0,0.0,1.0,0.0,0.0,1.0,0.0,0.0,69.47070000000001
48.51,3.0,3.51,1.0,0.48,110.18,0.0,1.0,0.0,0.0,1.0,0.0,1.0,0.0,0.0,0.0,1.0,0.0,104.1764
1.89,1.0,2.71,0.62,0.11,20.41,0.0,0.0,1.0,0.0,0.0,1.0,0.0,1.0,0.0,1.0,0.0,0.0,6.1269
1.45,1.0,2.8,1.73,0.29,63.01,0.0,1.0,0.0,0.0,0.0,1.0,1.0,0.0,0.0,1.0,0.0,0.0,12.2396
22.85,3.0,4.34,1.21,0.23,29.69,0.0,0.0,1.0,0.0,0.0,1.0,0.0,0.0,1.0,1.0,0.0,0.0,45.44370000000001
25.42,4.0,2.73,1.03,0.41,49.45,0.0,1.0,0.0,0.0,1.0,0.0,0.0,1.0,0.0,0.0,0.0,1.0,49.1871
20.46,2.0,4.08,1.3,0.39,88.6,0.0,0.0,1.0,0.0,1.0,0.0,0.0,1.0,0.0,1.0,0.0,0.0,65.232
5.61,1.0,2.32,0.97,0.11,61.64,1.0,0.0,0.0,0.0,1.0,0.0,1.0,0.0,0.0,1.0,0.0,0.0,16.6464
48.2,3.0,4.48,1.21,0.46,12.68,1.0,0.0,0.0,0.0,1.0,0.0,0.0,1.0,0.0,1.0,0.0,0.0,68.63480000000001
48.5,4.0,2.59,0.82,0.12,61.64,0.0,0.0,1.0,0.0,1.0,0.0,0.0,1.0,0.0,1.0,0.0,0.0,50.7312
37.16,2.0,3.08,1.72,0.44,39.71,1.0,0.0,0.0,0.0,0.0,1.0,0.0,1.0,0.0,1.0,0.0,0.0,84.4676
27.74,1.0,3.51,0.62,0.35,75.8,1.0,0.0,0.0,0.0,1.0,0.0,0.0,1.0,0.0,1.0,0.0,0.0,46.9988
18.43,2.0,2.17,1.08,0.2,114.78,1.0,0.0,0.0,0.0,0.0,1.0,0.0,1.0,0.0,1.0,0.0,0.0,45.03040000000001
33.93,2.0,3.51,0.88,0.39,66.77,0.0,0.0,1.0,0.0,1.0,0.0,0.0,1.0,0.0,0.0,1.0,0.0,59.92869999999999
11.88,1.0,3.75,0.71,0.34,30.47,1.0,0.0,0.0,0.0,1.0,0.0,0.0,1.0,0.0,1.0,0.0,0.0,22.544600000000003
47.42,3.0,3.36,1.21,0.3,30.47,1.0,0.0,0.0,0.0,0.0,1.0,1.0,0.0,0.0,0.0,1.0,0.0,95.9602
30.3,1.0,4.5,1.64,0.35,51.65,0.0,0.0,0.0,1.0,0.0,1.0,0.0,1.0,0.0,1.0,0.0,0.0,72.2695
16.63,2.0,2.77,1.15,0.32,17.94,0.0,1.0,0.0,0.0,1.0,0.0,0.0,0.0,1.0,1.0,0.0,0.0,27.6353
14.17,4.0,4.84,0.65,0.15,37.82,1.0,0.0,0.0,0.0,0.0,1.0,0.0,1.0,0.0,0.0,0.0,1.0,19.7235
14.65,2.0,3.74,1.79,0.29,29.58,0.0,1.0,0.0,0.0,0.0,1.0,1.0,0.0,0.0,1.0,0.0,0.0,40.020700000000005
29.6,2.0,3.51,1.5,0.18,24.02,1.0,0.0,0.0,0.0,1.0,0.0,0.0,1.0,0.0,1.0,0.0,0.0,52.2336
25.23,3.0,3.94,1.35,0.13,100.22,0.0,0.0,1.0,0.0,1.0,0.0,0.0,1.0,0.0,0.0,1.0,0.0,51.0291
24.74,3.0,5.0,1.82,0.36,107.93,0.0,0.0,0.0,1.0,0.0,1.0,1.0,0.0,0.0,1.0,0.0,0.0,88.8816
9.49,1.0,2.28,0.68,0.13,32.82,0.0,1.0,0.0,0.0,1.0,0.0,0.0,0.0,1.0,1.0,0.0,0.0,12.9998
105.94355003672597,2.0,3.94,1.69,0.32,23.03,0.0,0.0,0.0,1.0,0.0,1.0,0.0,1.0,0.0,0.0,1.0,0.0,201.869509186128
49.26,4.0,3.09,1.95,0.29,35.46,1.0,0.0,0.0,0.0,1.0,0.0,0.0,1.0,0.0,1.0,0.0,0.0,109.4304
30.96,2.0,2.96,1.24,0.18,69.98,1.0,0.0,0.0,0.0,1.0,0.0,1.0,0.0,0.0,1.0,0.0,0.0,53.9468
13.85,4.0,4.77,1.25,0.38,98.75,0.0,0.0,0.0,1.0,1.0,0.0,0.0,0.0,1.0,1.0,0.0,0.0,59.6075
31.29,1.0,2.74,1.14,0.34,24.7,1.0,0.0,0.0,0.0,0.0,1.0,0.0,0.0,1.0,0.0,0.0,1.0,46.8086
1.71,3.0,3.72,1.67,0.17,50.16,0.0,0.0,1.0,0.0,1.0,0.0,0.0,1.0,0.0,1.0,0.0,0.0,15.1029
40.5,3.0,2.8,1.54,0.29,112.84,1.0,0.0,0.0,0.0,0.0,1.0,0.0,1.0,0.0,0.0,1.0,0.0,84.3528
2.69,4.0,4.6,1.95,0.34,97.49,1.0,0.0,0.0,0.0,1.0,0.0,0.0,1.0,0.0,1.0,0.0,0.0,42.9921
33.34,1.0,4.28,0.52,0.41,72.33,0.0,0.0,0.0,1.0,0.0,1.0,0.0,0.0,1.0,1.0,0.0,0.0,51.2721
5.76,2.0,2.93,0.93,0.18,61.57,1.0,0.0,0.0,0.0,1.0,0.0,1.0,0.0,0.0,0.0,0.0,1.0,19.3694
23.16,2.0,2.16,1.36,0.29,98.11,0.0,0.0,1.0,0.0,1.0,0.0,1.0,0.0,0.0,1.0,0.0,0.0,62.1095
9.5,1.0,2.16,1.22,0.43,36.15,1.0,0.0,0.0,0.0,1.0,0.0,0.0,1.0,0.0,1.0,0.0,0.0,29.2945
31.38,4.0,3.86,0.58,0.2,32.85,0.0,0.0,0.0,1.0,1.0,0.0,1.0,0.0,0.0,1.0,0.0,0.0,28.6304
24.13,1.0,3.37,1.92,0.31,23.71,1.0,0.0,0.0,0.0,1.0,0.0,0.0,1.0,0.0,0.0,0.0,1.0,57.0497
31.98,3.0,2.32,1.16,0.35,52.39,0.0,0.0,1.0,0.0,1.0,0.0,0.0,0.0,1.0,1.0,0.0,0.0,57.7533
39.96,4.0,3.89,1.0,0.2,9.66,1.0,0.0,0.0,0.0,1.0,0.0,0.0,1.0,0.0,1.0,0.0,0.0,45.782
20.51,3.0,3.08,1.55,0.28,54.3,0.0,1.0,0.0,0.0,1.0,0.0,0.0,0.0,1.0,0.0,0.0,1.0,50.07450000000001
33.71,2.0,3.51,1.75,0.13,38.23,0.0,0.0,1.0,0.0,1.0,0.0,0.0,1.0,0.0,0.0,1.0,0.0,66.1224
12.38,2.0,4.27,0.93,0.23,61.64,1.0,0.0,0.0,0.0,1.0,0.0,0.0,0.0,1.0,0.0,1.0,0.0,29.9606
30.98,1.0,4.5,0.84,0.25,57.02,1.0,0.0,0.0,0.0,0.0,1.0,0.0,1.0,0.0,0.0,1.0,0.0,44.7782
25.42,3.0,2.55,1.46,0.37,38.26,1.0,0.0,0.0,0.0,0.0,1.0,0.0,1.0,0.0,1.0,0.0,0.0,85.6182
25.42,2.0,4.62,1.86,0.43,7.19,0.0,1.0,0.0,0.0,1.0,0.0,0.0,1.0,0.0,1.0,0.0,0.0,45.89750000000001
45.75,3.0,4.16,0.75,0.23,52.31,0.0,0.0,1.0,0.0,1.0,0.0,0.0,0.0,1.0,0.0,1.0,0.0,50.5038
28.97,3.0,4.51,1.37,0.41,51.21,1.0,0.0,0.0,0.0,1.0,0.0,0.0,0.0,1.0,1.0,0.0,0.0,65.195
20.08,1.0,2.8,1.05,0.42,61.64,1.0,0.0,0.0,0.0,0.0,1.0,0.0,1.0,0.0,1.0,0.0,0.0,49.5082
32.46,3.0,2.88,1.36,0.5,111.71,0.0,1.0,0.0,0.0,0.0,1.0,0.0,1.0,0.0,1.0,0.0,0.0,102.8806
44.91,1.0,4.73,1.11,0.33,25.7,0.0,0.0,0.0,1.0,1.0,0.0,0.0,1.0,0.0,0.0,1.0,0.0,63.0611
43.81,3.0,2.81,1.28,0.26,42.48,1.0,0.0,0.0,0.0,1.0,0.0,0.0,0.0,1.0,1.0,0.0,0.0,69.9316
5.56,4.0,3.51,1.69,0.13,54.22,0.0,0.0,1.0,0.0,1.0,0.0,1.0,0.0,0.0,1.0,0.0,0.0,19.145
33.35,1.0,4.13,1.96,0.26,19.63,0.0,1.0,0.0,0.0,1.0,0.0,1.0,0.0,0.0,1.0,0.0,0.0,74.59979999999999
13.18,4.0,2.47,1.5,0.4,84.05,0.0,0.0,1.0,0.0,1.0,0.0,0.0,0.0,1.0,1.0,0.0,0.0,55.86
18.09,4.0,4.32,0.72,0.25,7.7,0.0,0.0,1.0,0.0,1.0,0.0,0.0,0.0,1.0,1.0,0.0,0.0,19.2698
27.33,4.0,2.24,0.6,0.13,25.97,1.0,0.0,0.0,0.0,1.0,0.0,1.0,0.0,0.0,1.0,0.0,0.0,22.0141
14.72,4.0,2.89,1.07,0.47,5.01,1.0,0.0,0.0,0.0,1.0,0.0,0.0,0.0,1.0,1.0,0.0,0.0,20.9951
12.62,3.0,3.12,1.55,0.29,47.38,1.0,0.0,0.0,0.0,1.0,0.0,0.0,1.0,0.0,1.0,0.0,0.0,36.4212
33.91,2.0,2.48,0.73,0.38,34.54,0.0,0.0,1.0,0.0,1.0,0.0,0.0,0.0,1.0,1.0,0.0,0.0,40.3595
4.68,4.0,2.03,1.24,0.47,97.5,1.0,0.0,0.0,0.0,0.0,1.0,0.0,0.0,1.0,0.0,1.0,0.0,53.6582
10.06,2.0,2.41,1.16,0.38,16.0,0.0,0.0,1.0,0.0,1.0,0.0,0.0,0.0,1.0,0.0,1.0,0.0,20.1596
17.75,4.0,3.51,1.96,0.2,66.5,1.0,0.0,0.0,0.0,1.0,0.0,0.0,1.0,0.0,1.0,0.0,0.0,51.03
5.42,3.0,3.85,1.84,0.24,68.73,0.0,0.0,1.0,0.0,1.0,0.0,0.0,0.0,1.0,0.0,1.0,0.0,30.318
45.08,2.0,3.82,0.57,0.29,110.21,1.0,0.0,0.0,0.0,0.0,1.0,1.0,0.0,0.0,1.0,0.0,0.0,70.29329999999999
6.56,3.0,3.48,0.85,0.31,97.94,1.0,0.0,0.0,0.0,1.0,0.0,0.0,1.0,0.0,1.0,0.0,0.0,39.4174
15.27,2.0,3.93,0.73,0.12,61.64,0.0,0.0,1.0,0.0,1.0,0.0,0.0,1.0,0.0,1.0,0.0,0.0,27.3543
13.12,3.0,4.62,1.17,0.44,102.3,1.0,0.0,0.0,0.0,1.0,0.0,0.0,0.0,1.0,0.0,0.0,1.0,64.9824
47.04,4.0,4.83,1.38,0.36,79.54,0.0,0.0,0.0,1.0,1.0,0.0,0.0,0.0,1.0,1.0,0.0,0.0,98.3796
24.33,3.0,4.3,1.0,0.11,46.42,0.0,0.0,1.0,0.0,1.0,0.0,1.0,0.0,0.0,1.0,0.0,0.0,33.7362
33.51,4.0,3.94,1.09,0.32,67.27,1.0,0.0,0.0,0.0,0.0,1.0,0.0,1.0,0.0,0.0,1.0,0.0,61.9923
30.7,4.0,2.38,1.09,0.21,41.37,0.0,0.0,1.0,0.0,0.0,1.0,0.0,1.0,0.0,1.0,0.0,0.0,44.5307
38.71,2.0,2.41,1.25,0.31,114.7,1.0,0.0,0.0,0.0,1.0,0.0,0.0,0.0,1.0,0.0,1.0,0.0,86.3545
45.64,4.0,3.56,1.3,0.4,39.63,1.0,0.0,0.0,0.0,0.0,1.0,0.0,1.0,0.0,0.0,1.0,0.0,78.744
36.58,4.0,3.13,1.15,0.15,83.96,0.0,1.0,0.0,0.0,0.0,1.0,0.0,1.0,0.0,0.0,1.0,0.0,57.791
21.18,2.0,3.05,1.26,0.32,51.27,1.0,0.0,0.0,0.0,1.0,0.0,0.0,1.0,0.0,0.0,1.0,0.0,46.1432
9.68,2.0,3.37,1.91,0.13,72.94,0.0,0.0,1.0,0.0,1.0,0.0,0.0,0.0,1.0,1.0,0.0,0.0,31.341
3.28,2.0,2.88,1.76,0.2,78.04,0.0,1.0,0.0,0.0,1.0,0.0,0.0,0.0,1.0,1.0,0.0,0.0,24.260800000000003
9.9,3.0,2.62,0.81,0.34,102.33,1.0,0.0,0.0,0.0,0.0,1.0,0.0,0.0,1.0,1.0,0.0,0.0,45.4312
29.59,3.0,4.32,1.46,0.29,6.34,1.0,0.0,0.0,0.0,1.0,0.0,0.0,0.0,1.0,0.0,1.0,0.0,49.36
30.43,2.0,4.52,1.3,0.37,56.58,0.0,0.0,1.0,0.0,0.0,1.0,0.0,0.0,1.0,1.0,0.0,0.0,65.0136
14.82,4.0,3.7,0.81,0.18,88.36,0.0,1.0,0.0,0.0,1.0,0.0,1.0,0.0,0.0,1.0,0.0,0.0,31.609
19.14,2.0,4.97,1.79,0.22,11.2,0.0,1.0,0.0,0.0,0.0,1.0,0.0,1.0,0.0,0.0,0.0,1.0,41.6946
25.26,2.0,3.95,1.71,0.12,82.53,0.0,1.0,0.0,0.0,1.0,0.0,1.0,0.0,0.0,1.0,0.0,0.0,57.0482
15.15,2.0,4.43,1.06,0.5,98.52,1.0,0.0,0.0,0.0,0.0,1.0,0.0,1.0,0.0,1.0,0.0,0.0,69.749
43.06,1.0,4.74,1.71,0.38,42.04,1.0,0.0,0.0,0.0,1.0,0.0,0.0,1.0,0.0,1.0,0.0,0.0,94.3478
18.31,1.0,4.05,1.37,0.21,64.22,1.0,0.0,0.0,0.0,1.0,0.0,0.0,0.0,1.0,0.0,1.0,0.0,42.6209
36.23,4.0,3.61,1.21,0.27,61.64,0.0,0.0,1.0,0.0,0.0,1.0,0.0,1.0,0.0,0.0,1.0,0.0,97.1094
4.29,3.0,2.02,0.99,0.43,17.92,0.0,0.0,1.0,0.0,1.0,0.0,0.0,0.0,1.0,0.0,1.0,0.0,13.9727
39.97,3.0,4.96,0.67,0.15,107.38,0.0,0.0,0.0,1.0,1.0,0.0,0.0,0.0,1.0,0.0,1.0,0.0,47.846900000000005
30.72,3.0,4.75,1.19,0.12,35.2,1.0,0.0,0.0,0.0,0.0,1.0,0.0,1.0,0.0,1.0,0.0,0.0,45.5308
8.65,3.0,2.12,0.62,0.26,33.37,1.0,0.0,0.0,0.0,1.0,0.0,0.0,0.0,1.0,0.0,1.0,0.0,16.1592
22.6,1.0,3.41,1.77,0.28,27.31,1.0,0.0,0.0,0.0,1.0,0.0,0.0,0.0,1.0,1.0,0.0,0.0,51.058800000000005
43.37,3.0,2.3,0.73,0.42,53.94,1.0,0.0,0.0,0.0,0.0,1.0,0.0,1.0,0.0,1.0,0.0,0.0,56.61489999999999
28.75,2.0,4.8,1.42,0.22,63.9,1.0,0.0,0.0,0.0,0.0,1.0,1.0,0.0,0.0,0.0,1.0,0.0,59.68299999999999
25.42,3.0,2.11,0.82,0.4,85.0,0.0,0.0,0.0,1.0,1.0,0.0,0.0,1.0,0.0,1.0,0.0,0.0,45.9582
11.11,1.0,3.48,0.54,0.18,21.64,0.0,0.0,1.0,0.0,1.0,0.0,0.0,1.0,0.0,1.0,0.0,0.0,13.3746
15.56,2.0,2.21,1.48,0.29,109.57,1.0,0.0,0.0,0.0,1.0,0.0,0.0,1.0,0.0,0.0,1.0,0.0,59.2055
34.2,1.0,4.55,1.02,0.41,113.92,1.0,0.0,0.0,0.0,1.0,0.0,0.0,1.0,0.0,1.0,0.0,0.0,86.1412
4.11,4.0,2.27,1.9,0.37,112.28,1.0,0.0,0.0,0.0,0.0,1.0,0.0,1.0,0.0,0.0,0.0,1.0,51.6226
36.68,3.0,3.89,0.94,0.36,106.25,1.0,0.0,0.0,0.0,0.0,1.0,1.0,0.0,0.0,0.0,1.0,0.0,76.6192
12.23,4.0,2.77,0.95,0.3,38.38,1.0,0.0,0.0,0.0,1.0,0.0,0.0,0.0,1.0,1.0,0.0,0.0,25.9025
17.49,2.0,4.76,1.28,0.47,73.92,1.0,0.0,0.0,0.0,1.0,0.0,0.0,1.0,0.0,1.0,0.0,0.0,61.8896
5.87,4.0,2.84,0.93,0.34,58.15,0.0,1.0,0.0,0.0,0.0,1.0,0.0,1.0,0.0,1.0,0.0,0.0,28.0701
10.14,3.0,2.73,1.06,0.4,16.24,0.0,1.0,0.0,0.0,1.0,0.0,1.0,0.0,0.0,0.0,1.0,0.0,19.974400000000003
47.08,1.0,4.67,0.76,0.34,73.93,0.0,1.0,0.0,0.0,0.0,1.0,1.0,0.0,0.0,0.0,1.0,0.0,65.587
16.86,1.0,4.09,1.34,0.45,108.96,0.0,0.0,1.0,0.0,1.0,0.0,0.0,0.0,1.0,1.0,0.0,0.0,75.7144
112.8309582902826,2.0,3.35,1.9,0.23,78.63,1.0,0.0,0.0,0.0,1.0,0.0,1.0,0.0,0.0,0.0,0.0,1.0,233.00828520738887
25.42,1.0,3.02,0.7,0.35,94.88,1.0,0.0,0.0,0.0,1.0,0.0,0.0,0.0,1.0,1.0,0.0,0.0,70.745
40.83,1.0,4.9,1.35,0.29,39.9,0.0,1.0,0.0,0.0,1.0,0.0,0.0,1.0,0.0,0.0,1.0,0.0,69.99549999999999
47.05,4.0,2.52,1.87,0.49,77.86,0.0,0.0,1.0,0.0,1.0,0.0,0.0,1.0,0.0,0.0,0.0,1.0,128.6549
5.01,4.0,3.63,0.79,0.37,58.02,1.0,0.0,0.0,0.0,0.0,1.0,0.0,1.0,0.0,0.0,1.0,0.0,29.055300000000003
13.34,4.0,4.29,0.71,0.45,87.97,1.0,0.0,0.0,0.0,0.0,1.0,0.0,1.0,0.0,1.0,0.0,0.0,53.3479
41.08,4.0,3.31,1.71,0.46,36.86,0.0,0.0,1.0,0.0,1.0,0.0,0.0,1.0,0.0,1.0,0.0,0.0,90.5124
10.6,3.0,4.21,1.21,0.3,73.28,1.0,0.0,0.0,0.0,1.0,0.0,0.0,0.0,1.0,1.0,0.0,0.0,32.342
12.64,3.0,3.51,0.7,0.29,22.91,0.0,1.0,0.0,0.0,1.0,0.0,0.0,0.0,1.0,1.0,0.0,0.0,20.3819
25.42,2.0,3.84,1.55,0.41,19.2,1.0,0.0,0.0,0.0,1.0,0.0,0.0,0.0,1.0,0.0,1.0,0.0,39.9065
11.11,3.0,3.79,1.01,0.17,59.73,0.0,1.0,0.0,0.0,0.0,1.0,0.0,0.0,1.0,1.0,0.0,0.0,25.1652
33.22,1.0,2.31,1.66,0.32,41.02,0.0,0.0,0.0,1.0,0.0,1.0,0.0,1.0,0.0,1.0,0.0,0.0,70.5816
8.28,4.0,3.25,1.27,0.49,11.7,0.0,0.0,0.0,1.0,1.0,0.0,0.0,0.0,1.0,0.0,0.0,1.0,19.4986
11.04,2.0,2.83,0.59,0.38,5.93,0.0,1.0,0.0,0.0,0.0,1.0,1.0,0.0,0.0,1.0,0.0,0.0,11.596999999999998
25.42,4.0,2.4,0.58,0.43,26.34,0.0,0.0,1.0,0.0,1.0,0.0,0.0,1.0,0.0,1.0,0.0,0.0,14.892
126.54762829842768,1.0,4.23,0.85,0.28,29.3,1.0,0.0,0.0,0.0,0.0,1.0,0.0,1.0,0.0,1.0,0.0,0.0,224.9146628555729
6.98,2.0,2.32,0.78,0.18,72.37,1.0,0.0,0.0,0.0,0.0,1.0,0.0,1.0,0.0,1.0,0.0,0.0,20.791
48.5,1.0,3.61,1.66,0.39,79.03,0.0,1.0,0.0,0.0,1.0,0.0,0.0,1.0,0.0,1.0,0.0,0.0,114.9417
29.01,2.0,4.36,1.39,0.2,88.77,1.0,0.0,0.0,0.0,1.0,0.0,0.0,1.0,0.0,1.0,0.0,0.0,62.4379
40.7,2.0,4.16,1.81,0.38,35.27,0.0,1.0,0.0,0.0,1.0,0.0,0.0,1.0,0.0,1.0,0.0,0.0,91.2296
47.79,4.0,2.52,0.82,0.28,106.03,1.0,0.0,0.0,0.0,0.0,1.0,0.0,1.0,0.0,1.0,0.0,0.0,71.3962
101.0397035425727,1.0,4.39,1.79,0.29,56.78,1.0,0.0,0.0,0.0,1.0,0.0,0.0,1.0,0.0,0.0,1.0,0.0,283.6452005933156
10.42,1.0,3.51,0.85,0.28,112.71,0.0,0.0,1.0,0.0,1.0,0.0,0.0,1.0,0.0,1.0,0.0,0.0,43.0058
7.25,2.0,2.1,1.73,0.17,19.51,0.0,0.0,0.0,1.0,1.0,0.0,0.0,1.0,0.0,1.0,0.0,0.0,17.9592
25.42,1.0,3.77,1.15,0.31,87.74,0.0,1.0,0.0,0.0,1.0,0.0,0.0,0.0,1.0,1.0,0.0,0.0,77.0499
33.59,4.0,4.99,1.16,0.15,77.02,0.0,0.0,1.0,0.0,1.0,0.0,0.0,0.0,1.0,1.0,0.0,0.0,55.5074
25.42,1.0,3.79,1.25,0.45,40.52,1.0,0.0,0.0,0.0,1.0,0.0,0.0,1.0,0.0,1.0,0.0,0.0,46.274
25.42,4.0,3.08,0.7,0.38,27.81,0.0,1.0,0.0,0.0,1.0,0.0,0.0,1.0,0.0,1.0,0.0,0.0,25.3938
8.67,2.0,4.79,1.79,0.46,71.36,0.0,0.0,1.0,0.0,1.0,0.0,1.0,0.0,0.0,0.0,1.0,0.0,53.1349
25.42,4.0,2.84,0.97,0.29,41.04,1.0,0.0,0.0,0.0,1.0,0.0,0.0,0.0,1.0,1.0,0.0,0.0,19.5819
38.32,1.0,4.58,0.98,0.37,28.41,0.0,1.0,0.0,0.0,1.0,0.0,0.0,0.0,1.0,1.0,0.0,0.0,52.6453
29.73,1.0,3.17,1.21,0.38,68.12,0.0,1.0,0.0,0.0,0.0,1.0,0.0,1.0,0.0,1.0,0.0,0.0,47.488200000000006
21.11,3.0,3.54,0.65,0.36,36.5,0.0,1.0,0.0,0.0,0.0,1.0,1.0,0.0,0.0,1.0,0.0,0.0,30.4015
32.98,3.0,3.67,0.64,0.49,109.94,0.0,0.0,1.0,0.0,1.0,0.0,1.0,0.0,0.0,1.0,0.0,0.0,78.64779999999999
8.21,3.0,2.97,1.36,0.34,95.18,0.0,0.0,1.0,0.0,0.0,1.0,0.0,0.0,1.0,1.0,0.0,0.0,46.49680000000001
1.89,2.0,4.6,0.74,0.41,114.1,0.0,0.0,1.0,0.0,1.0,0.0,0.0,1.0,0.0,1.0,0.0,0.0,52.77959999999999
3.22,3.0,3.36,1.21,0.37,34.15,0.0,0.0,1.0,0.0,1.0,0.0,0.0,1.0,0.0,1.0,0.0,0.0,20.0527
49.3,2.0,2.38,0.86,0.4,47.72,1.0,0.0,0.0,0.0,1.0,0.0,0.0,1.0,0.0,1.0,0.0,0.0,63.866
24.98,3.0,3.06,0.77,0.42,72.14,1.0,0.0,0.0,0.0,0.0,1.0,0.0,1.0,0.0,0.0,1.0,0.0,52.5934
4.26,4.0,2.57,0.7,0.14,66.19,1.0,0.0,0.0,0.0,0.0,1.0,0.0,1.0,0.0,1.0,0.0,0.0,14.8186
13.64,4.0,3.77,1.5,0.15,100.3,0.0,0.0,1.0,0.0,1.0,0.0,0.0,0.0,1.0,0.0,1.0,0.0,39.275
15.77,3.0,2.28,1.86,0.37,61.64,0.0,1.0,0.0,0.0,1.0,0.0,0.0,1.0,0.0,1.0,0.0,0.0,63.0548
6.63,4.0,4.08,1.72,0.25,101.28,1.0,0.0,0.0,0.0,0.0,1.0,0.0,0.0,1.0,1.0,0.0,0.0,40.8036
5.94,3.0,2.63,1.25,0.44,110.47,0.0,0.0,0.0,1.0,1.0,0.0,0.0,1.0,0.0,1.0,0.0,0.0,58.6618
44.62,2.0,4.47,0.55,0.44,72.58,1.0,0.0,0.0,0.0,1.0,0.0,1.0,0.0,0.0,0.0,1.0,0.0,60.9462
3.22,1.0,4.21,1.17,0.3,80.58,1.0,0.0,0.0,0.0,1.0,0.0,0.0,0.0,1.0,1.0,0.0,0.0,32.151399999999995
25.42,2.0,3.34,1.49,0.27,115.73,0.0,0.0,0.0,1.0,1.0,0.0,1.0,0.0,0.0,1.0,0.0,0.0,89.0764
21.45,2.0,4.27,1.12,0.3,82.54,0.0,1.0,0.0,0.0,1.0,0.0,0.0,0.0,1.0,1.0,0.0,0.0,53.056
11.29,3.0,2.11,1.21,0.44,105.79,0.0,1.0,0.0,0.0,1.0,0.0,0.0,0.0,1.0,1.0,0.0,0.0,62.6572
14.19,1.0,3.91,1.5,0.32,61.64,0.0,0.0,0.0,1.0,0.0,1.0,0.0,0.0,1.0,1.0,0.0,0.0,44.507000000000005
45.51,1.0,4.23,0.63,0.13,27.65,0.0,1.0,0.0,0.0,1.0,0.0,0.0,0.0,1.0,1.0,0.0,0.0,36.4958
3.3,2.0,3.22,1.11,0.25,105.2,1.0,0.0,0.0,0.0,0.0,1.0,0.0,1.0,0.0,1.0,0.0,0.0,33.183
1.25,3.0,3.97,1.49,0.31,12.8,1.0,0.0,0.0,0.0,1.0,0.0,0.0,1.0,0.0,0.0,1.0,0.0,9.8005
19.49,4.0,4.41,0.69,0.22,76.0,0.0,0.0,0.0,1.0,0.0,1.0,0.0,0.0,1.0,0.0,1.0,0.0,34.5781
3.53,1.0,2.9,0.59,0.12,92.82,0.0,0.0,1.0,0.0,0.0,1.0,0.0,1.0,0.0,1.0,0.0,0.0,16.1211
41.96,4.0,2.21,1.22,0.19,80.28,1.0,0.0,0.0,0.0,0.0,1.0,0.0,1.0,0.0,0.0,1.0,0.0,68.65440000000001
25.42,1.0,3.51,1.42,0.48,23.11,0.0,0.0,0.0,1.0,1.0,0.0,1.0,0.0,0.0,1.0,0.0,0.0,19.2572
26.03,2.0,2.27,1.55,0.4,83.98,0.0,0.0,1.0,0.0,1.0,0.0,0.0,0.0,1.0,1.0,0.0,0.0,76.20850000000002
32.02,2.0,3.78,1.7,0.34,6.39,1.0,0.0,0.0,0.0,1.0,0.0,0.0,1.0,0.0,1.0,0.0,0.0,60.38660000000001
12.63,3.0,2.9,1.12,0.48,102.2,0.0,0.0,1.0,0.0,1.0,0.0,0.0,1.0,0.0,1.0,0.0,0.0,66.10159999999999
48.15,2.0,3.45,0.95,0.34,69.03,0.0,0.0,0.0,1.0,1.0,0.0,0.0,1.0,0.0,1.0,0.0,0.0,72.6627
31.14,2.0,4.29,0.92,0.35,7.26,1.0,0.0,0.0,0.0,0.0,1.0,0.0,1.0,0.0,1.0,0.0,0.0,35.4798
5.16,2.0,3.23,1.72,0.25,58.17,0.0,0.0,0.0,1.0,1.0,0.0,0.0,0.0,1.0,1.0,0.0,0.0,26.6477
7.7,3.0,2.08,1.78,0.29,54.18,0.0,0.0,1.0,0.0,1.0,0.0,0.0,1.0,0.0,0.0,1.0,0.0,33.1236
42.48,4.0,4.79,1.95,0.14,65.02,0.0,1.0,0.0,0.0,1.0,0.0,1.0,0.0,0.0,1.0,0.0,0.0,96.7288
9.75,1.0,3.89,0.99,0.3,105.81,1.0,0.0,0.0,0.0,0.0,1.0,0.0,0.0,1.0,1.0,0.0,0.0,45.2855
26.42,3.0,3.76,1.86,0.23,97.04,0.0,1.0,0.0,0.0,1.0,0.0,1.0,0.0,0.0,1.0,0.0,0.0,75.22040000000001
44.94,2.0,3.51,1.83,0.42,103.37,0.0,1.0,0.0,0.0,1.0,0.0,1.0,0.0,0.0,1.0,0.0,0.0,129.5356
44.5,4.0,4.02,1.47,0.45,23.88,0.0,0.0,0.0,1.0,0.0,1.0,0.0,0.0,1.0,1.0,0.0,0.0,80.18099999999998
13.02,1.0,4.85,1.87,0.29,89.6,0.0,1.0,0.0,0.0,1.0,0.0,1.0,0.0,0.0,1.0,0.0,0.0,48.0134
20.47,3.0,3.65,1.21,0.34,48.83,0.0,0.0,0.0,1.0,1.0,0.0,0.0,0.0,1.0,0.0,1.0,0.0,31.306
31.58,1.0,4.57,0.88,0.24,91.7,0.0,0.0,0.0,1.0,0.0,1.0,0.0,0.0,1.0,0.0,1.0,0.0,54.3684
25.13,4.0,3.61,1.02,0.42,57.23,0.0,0.0,1.0,0.0,0.0,1.0,0.0,0.0,1.0,0.0,1.0,0.0,53.2792
49.14,3.0,3.58,1.21,0.22,27.99,1.0,0.0,0.0,0.0,1.0,0.0,1.0,0.0,0.0,0.0,1.0,0.0,69.1972
28.05,1.0,2.6,1.23,0.15,58.8,1.0,0.0,0.0,0.0,1.0,0.0,0.0,0.0,1.0,1.0,0.0,0.0,45.9215
7.82,2.0,3.2,0.98,0.27,93.64,0.0,0.0,0.0,1.0,0.0,1.0,0.0,1.0,0.0,0.0,1.0,0.0,36.1464
46.35,1.0,3.1,0.95,0.24,89.15,0.0,0.0,1.0,0.0,1.0,0.0,0.0,0.0,1.0,1.0,0.0,0.0,68.52850000000001
47.47,1.0,4.75,1.21,0.33,35.41,1.0,0.0,0.0,0.0,0.0,1.0,0.0,1.0,0.0,1.0,0.0,0.0,52.9872
14.91,1.0,4.23,1.28,0.38,112.25,1.0,0.0,0.0,0.0,0.0,1.0,0.0,0.0,1.0,1.0,0.0,0.0,65.9698
25.42,3.0,2.86,1.3,0.41,58.01,0.0,0.0,1.0,0.0,1.0,0.0,0.0,1.0,0.0,1.0,0.0,0.0,68.2181
36.39,4.0,2.26,1.47,0.34,114.15,0.0,0.0,1.0,0.0,1.0,0.0,0.0,1.0,0.0,1.0,0.0,0.0,94.5643
104.37179088913676,1.0,3.22,1.12,0.45,89.21,1.0,0.0,0.0,0.0,1.0,0.0,0.0,1.0,0.0,0.0,1.0,0.0,206.50865196831717
25.42,4.0,3.97,1.73,0.19,58.48,0.0,0.0,1.0,0.0,1.0,0.0,1.0,0.0,0.0,1.0,0.0,0.0,73.0708
47.29,1.0,2.71,1.75,0.14,87.75,0.0,0.0,1.0,0.0,0.0,1.0,1.0,0.0,0.0,1.0,0.0,0.0,97.75249999999998
15.04,1.0,5.0,1.78,0.11,15.09,0.0,0.0,1.0,0.0,1.0,0.0,0.0,1.0,0.0,1.0,0.0,0.0,33.4311
40.34,1.0,3.85,0.87,0.15,29.11,0.0,0.0,1.0,0.0,0.0,1.0,0.0,0.0,1.0,1.0,0.0,0.0,43.31230000000001
43.56,3.0,2.26,1.04,0.11,89.67,1.0,0.0,0.0,0.0,1.0,0.0,0.0,1.0,0.0,0.0,1.0,0.0,57.426100000000005
48.53,1.0,4.57,1.94,0.29,60.77,1.0,0.0,0.0,0.0,1.0,0.0,0.0,0.0,1.0,0.0,0.0,1.0,124.2416
44.74,2.0,3.65,1.25,0.49,6.72,1.0,0.0,0.0,0.0,1.0,0.0,0.0,0.0,1.0,1.0,0.0,0.0,62.8678
7.85,3.0,2.36,1.21,0.24,51.3,1.0,0.0,0.0,0.0,1.0,0.0,0.0,1.0,0.0,1.0,0.0,0.0,28.7235
21.98,1.0,4.02,1.52,0.17,22.2,0.0,0.0,1.0,0.0,1.0,0.0,0.0,0.0,1.0,1.0,0.0,0.0,41.2036
43.23,2.0,3.51,0.78,0.35,96.01,0.0,0.0,1.0,0.0,1.0,0.0,0.0,1.0,0.0,0.0,1.0,0.0,70.8329
12.88,2.0,4.8,1.44,0.49,42.13,0.0,0.0,1.0,0.0,0.0,1.0,0.0,1.0,0.0,1.0,0.0,0.0,43.9909
16.8,4.0,2.78,0.88,0.29,62.63,1.0,0.0,0.0,0.0,1.0,0.0,0.0,0.0,1.0,0.0,1.0,0.0,26.9585
46.61,1.0,2.74,1.84,0.44,21.11,0.0,1.0,0.0,0.0,1.0,0.0,1.0,0.0,0.0,1.0,0.0,0.0,97.7908
17.38,2.0,3.78,1.01,0.1,17.91,0.0,0.0,1.0,0.0,1.0,0.0,0.0,1.0,0.0,0.0,1.0,0.0,23.1248
48.09,1.0,4.47,1.23,0.29,92.6,1.0,0.0,0.0,0.0,0.0,1.0,1.0,0.0,0.0,1.0,0.0,0.0,90.4747
48.37,2.0,4.94,0.61,0.4,61.64,0.0,0.0,1.0,0.0,0.0,1.0,0.0,0.0,1.0,1.0,0.0,0.0,41.2217
43.62,2.0,2.83,0.6,0.26,68.86,0.0,0.0,1.0,0.0,1.0,0.0,1.0,0.0,0.0,1.0,0.0,0.0,46.90559999999999
30.19,2.0,2.37,0.76,0.4,113.33,0.0,0.0,1.0,0.0,1.0,0.0,0.0,0.0,1.0,1.0,0.0,0.0,70.6464
5.79,2.0,3.89,1.95,0.45,10.65,0.0,0.0,1.0,0.0,1.0,0.0,0.0,0.0,1.0,1.0,0.0,0.0,19.973
33.76,1.0,3.51,1.66,0.5,82.76,0.0,1.0,0.0,0.0,1.0,0.0,0.0,1.0,0.0,0.0,1.0,0.0,102.3316
35.35,1.0,4.2,1.21,0.15,79.01,0.0,0.0,1.0,0.0,1.0,0.0,0.0,0.0,1.0,1.0,0.0,0.0,58.825
44.92,2.0,2.99,1.84,0.28,57.97,0.0,0.0,1.0,0.0,1.0,0.0,0.0,1.0,0.0,1.0,0.0,0.0,101.8744
19.81,3.0,2.5,1.5,0.19,61.26,0.0,0.0,1.0,0.0,1.0,0.0,0.0,1.0,0.0,0.0,1.0,0.0,43.8544
6.79,3.0,2.61,1.65,0.12,72.29,0.0,0.0,1.0,0.0,0.0,1.0,0.0,0.0,1.0,1.0,0.0,0.0,22.4883
35.4,3.0,4.47,1.98,0.46,93.88,0.0,0.0,1.0,0.0,1.0,0.0,0.0,1.0,0.0,1.0,0.0,0.0,117.7468
18.45,4.0,2.46,1.59,0.49,109.53,1.0,0.0,0.0,0.0,1.0,0.0,0.0,0.0,1.0,1.0,0.0,0.0,85.4652
8.49,2.0,3.47,1.21,0.25,99.35,0.0,1.0,0.0,0.0,1.0,0.0,0.0,1.0,0.0,0.0,0.0,1.0,33.2317
32.23,3.0,4.45,1.2,0.23,119.08,1.0,0.0,0.0,0.0,1.0,0.0,1.0,0.0,0.0,1.0,0.0,0.0,70.5144
37.97,2.0,3.6,1.13,0.45,113.49,0.0,1.0,0.0,0.0,1.0,0.0,1.0,0.0,0.0,0.0,1.0,0.0,97.57659999999998
45.36,2.0,2.66,1.78,0.26,68.68,1.0,0.0,0.0,0.0,0.0,1.0,0.0,0.0,1.0,0.0,1.0,0.0,101.2576
32.63,1.0,2.12,0.86,0.37,15.33,0.0,0.0,0.0,1.0,1.0,0.0,0.0,0.0,1.0,1.0,0.0,0.0,35.8539
9.59,2.0,3.29,0.9,0.38,21.83,1.0,0.0,0.0,0.0,0.0,1.0,1.0,0.0,0.0,1.0,0.0,0.0,20.2164
30.27,4.0,3.66,0.67,0.41,41.65,1.0,0.0,0.0,0.0,0.0,1.0,0.0,0.0,1.0,1.0,0.0,0.0,41.0174
48.75,2.0,3.46,1.02,0.46,17.41,1.0,0.0,0.0,0.0,0.0,1.0,0.0,0.0,1.0,0.0,1.0,0.0,61.1936
4.4,2.0,3.77,1.94,0.1,45.28,0.0,0.0,1.0,0.0,0.0,1.0,0.0,1.0,0.0,0.0,1.0,0.0,16.834
49.99,3.0,3.07,0.93,0.36,86.67,1.0,0.0,0.0,0.0,0.0,1.0,0.0,1.0,0.0,1.0,0.0,0.0,80.7619
26.7,4.0,4.51,1.62,0.22,13.75,0.0,1.0,0.0,0.0,1.0,0.0,0.0,0.0,1.0,1.0,0.0,0.0,50.789
34.73,4.0,4.85,1.13,0.14,5.65,0.0,1.0,0.0,0.0,1.0,0.0,0.0,1.0,0.0,1.0,0.0,0.0,44.88589999999999
27.54,1.0,4.3,0.96,0.49,102.08,1.0,0.0,0.0,0.0,0.0,1.0,0.0,1.0,0.0,1.0,0.0,0.0,80.7576
29.57,3.0,4.62,1.11,0.32,39.61,1.0,0.0,0.0,0.0,1.0,0.0,0.0,1.0,0.0,1.0,0.0,0.0,50.117900000000006
27.32,2.0,3.62,0.66,0.43,62.17,1.0,0.0,0.0,0.0,1.0,0.0,0.0,1.0,0.0,1.0,0.0,0.0,48.3843
11.05,4.0,4.76,0.75,0.18,14.0,0.0,0.0,0.0,1.0,1.0,0.0,0.0,0.0,1.0,1.0,0.0,0.0,15.5675
41.04,2.0,3.78,0.85,0.1,54.37,1.0,0.0,0.0,0.0,1.0,0.0,0.0,0.0,1.0,1.0,0.0,0.0,44.101
46.9,4.0,4.47,0.56,0.21,84.34,0.0,1.0,0.0,0.0,1.0,0.0,1.0,0.0,0.0,1.0,0.0,0.0,48.44540000000001
17.11,2.0,2.77,1.23,0.29,91.82,1.0,0.0,0.0,0.0,1.0,0.0,0.0,0.0,1.0,1.0,0.0,0.0,36.6701
26.43,4.0,3.85,1.41,0.36,48.72,1.0,0.0,0.0,0.0,0.0,1.0,0.0,0.0,1.0,1.0,0.0,0.0,58.65549999999999
6.91,3.0,2.38,0.89,0.42,20.57,0.0,0.0,1.0,0.0,1.0,0.0,0.0,1.0,0.0,1.0,0.0,0.0,17.1693
24.14,2.0,3.92,1.69,0.29,82.14,0.0,0.0,1.0,0.0,1.0,0.0,0.0,1.0,0.0,1.0,0.0,0.0,55.3948
46.87,4.0,3.89,1.76,0.2,31.51,0.0,0.0,1.0,0.0,1.0,0.0,0.0,1.0,0.0,1.0,0.0,0.0,92.6832
25.42,1.0,3.14,1.21,0.14,89.47,0.0,0.0,1.0,0.0,0.0,1.0,0.0,1.0,0.0,1.0,0.0,0.0,34.4316
25.42,2.0,4.11,1.0,0.36,86.31,0.0,1.0,0.0,0.0,1.0,0.0,1.0,0.0,0.0,1.0,0.0,0.0,51.9016
26.49,1.0,3.54,1.82,0.15,99.2,0.0,0.0,0.0,1.0,1.0,0.0,1.0,0.0,0.0,1.0,0.0,0.0,66.6318
22.57,1.0,3.4,1.41,0.29,105.98,1.0,0.0,0.0,0.0,1.0,0.0,0.0,1.0,0.0,1.0,0.0,0.0,62.77850000000001
20.22,1.0,3.46,0.55,0.29,34.14,1.0,0.0,0.0,0.0,1.0,0.0,0.0,1.0,0.0,1.0,0.0,0.0,24.4816
17.71,4.0,2.71,1.48,0.48,6.06,0.0,0.0,0.0,1.0,1.0,0.0,0.0,0.0,1.0,1.0,0.0,0.0,31.829600000000003
10.17,1.0,3.51,1.41,0.25,98.63,0.0,1.0,0.0,0.0,1.0,0.0,0.0,0.0,1.0,1.0,0.0,0.0,41.4372
12.67,1.0,3.51,1.96,0.23,35.59,0.0,0.0,1.0,0.0,1.0,0.0,0.0,1.0,0.0,0.0,0.0,1.0,37.2489
5.19,4.0,4.57,0.87,0.48,7.6,0.0,1.0,0.0,0.0,1.0,0.0,0.0,1.0,0.0,0.0,1.0,0.0,12.7333
49.85,3.0,4.94,1.21,0.11,104.35,0.0,0.0,1.0,0.0,1.0,0.0,0.0,0.0,1.0,1.0,0.0,0.0,76.737
25.42,1.0,2.1,1.47,0.27,48.69,0.0,1.0,0.0,0.0,0.0,1.0,0.0,1.0,0.0,0.0,0.0,1.0,76.48649999999999
7.25,3.0,2.2,1.46,0.13,81.33,1.0,0.0,0.0,0.0,0.0,1.0,0.0,1.0,0.0,1.0,0.0,0.0,23.3579
2.54,2.0,2.8,1.3,0.37,53.11,0.0,0.0,1.0,0.0,0.0,1.0,0.0,1.0,0.0,1.0,0.0,0.0,25.7527
7.8,2.0,3.26,0.64,0.45,61.64,1.0,0.0,0.0,0.0,0.0,1.0,0.0,0.0,1.0,1.0,0.0,0.0,32.9075
9.31,2.0,4.73,0.5,0.2,115.15,1.0,0.0,0.0,0.0,0.0,1.0,0.0,1.0,0.0,0.0,1.0,0.0,32.415000000000006
27.59,1.0,3.69,0.58,0.49,113.43,0.0,0.0,0.0,1.0,0.0,1.0,0.0,0.0,1.0,1.0,0.0,0.0,75.27289999999999
14.65,4.0,4.17,0.8,0.5,96.08,1.0,0.0,0.0,0.0,1.0,0.0,0.0,0.0,1.0,1.0,0.0,0.0,63.93
25.42,1.0,3.88,1.96,0.32,111.65,0.0,0.0,1.0,0.0,1.0,0.0,0.0,0.0,1.0,1.0,0.0,0.0,122.418
3.23,2.0,3.7,1.14,0.41,48.24,1.0,0.0,0.0,0.0,1.0,0.0,0.0,1.0,0.0,0.0,1.0,0.0,27.1606
23.5,4.0,3.34,1.0,0.23,43.87,0.0,0.0,1.0,0.0,1.0,0.0,0.0,0.0,1.0,1.0,0.0,0.0,36.9301
36.08,4.0,3.51,1.29,0.17,84.96,1.0,0.0,0.0,0.0,1.0,0.0,0.0,1.0,0.0,1.0,0.0,0.0,65.2064
42.61,3.0,2.43,0.94,0.49,62.01,0.0,0.0,1.0,0.0,1.0,0.0,0.0,1.0,0.0,0.0,1.0,0.0,72.86829999999999
15.37,1.0,4.95,1.07,0.37,64.12,0.0,0.0,1.0,0.0,1.0,0.0,0.0,1.0,0.0,1.0,0.0,0.0,45.1203
39.69,3.0,4.9,0.57,0.38,61.64,1.0,0.0,0.0,0.0,1.0,0.0,0.0,0.0,1.0,0.0,1.0,0.0,31.0915
46.78,3.0,3.13,1.75,0.17,34.03,1.0,0.0,0.0,0.0,0.0,1.0,0.0,0.0,1.0,1.0,0.0,0.0,90.7801
25.61,3.0,3.79,1.56,0.29,79.89,0.0,1.0,0.0,0.0,1.0,0.0,1.0,0.0,0.0,1.0,0.0,0.0,66.9097
25.63,3.0,3.06,0.84,0.16,61.64,0.0,0.0,1.0,0.0,1.0,0.0,1.0,0.0,0.0,1.0,0.0,0.0,39.066
8.64,2.0,2.55,1.71,0.48,89.33,1.0,0.0,0.0,0.0,0.0,1.0,0.0,0.0,1.0,1.0,0.0,0.0,60.2028
23.09,3.0,3.58,1.68,0.29,23.94,0.0,0.0,1.0,0.0,1.0,0.0,1.0,0.0,0.0,0.0,1.0,0.0,48.835
20.49,1.0,2.51,1.66,0.39,96.76,1.0,0.0,0.0,0.0,1.0,0.0,1.0,0.0,0.0,1.0,0.0,0.0,74.2598
15.36,1.0,3.49,0.74,0.34,6.06,1.0,0.0,0.0,0.0,1.0,0.0,0.0,1.0,0.0,1.0,0.0,0.0,16.9168
6.87,4.0,4.35,1.9,0.48,89.4,0.0,0.0,1.0,0.0,1.0,0.0,1.0,0.0,0.0,1.0,0.0,0.0,60.315
36.39,2.0,3.09,0.64,0.27,67.24,1.0,0.0,0.0,0.0,1.0,0.0,0.0,1.0,0.0,1.0,0.0,0.0,44.5344
20.43,2.0,2.51,1.43,0.39,53.63,0.0,1.0,0.0,0.0,1.0,0.0,0.0,0.0,1.0,1.0,0.0,0.0,52.6406
2.64,1.0,4.53,1.71,0.43,98.23,0.0,0.0,1.0,0.0,1.0,0.0,0.0,0.0,1.0,0.0,0.0,1.0,51.2833
7.09,2.0,3.51,1.91,0.22,102.35,0.0,0.0,0.0,1.0,0.0,1.0,0.0,1.0,0.0,1.0,0.0,0.0,39.1789
25.92,3.0,3.97,1.71,0.46,22.79,0.0,0.0,0.0,1.0,1.0,0.0,0.0,1.0,0.0,1.0,0.0,0.0,58.7766
38.36,3.0,4.94,0.79,0.36,39.09,0.0,1.0,0.0,0.0,1.0,0.0,0.0,0.0,1.0,1.0,0.0,0.0,49.3168
9.28,3.0,3.06,0.51,0.43,71.29,0.0,0.0,1.0,0.0,1.0,0.0,0.0,0.0,1.0,1.0,0.0,0.0,38.447500000000005
38.31,1.0,2.99,0.64,0.41,31.15,1.0,0.0,0.0,0.0,0.0,1.0,0.0,1.0,0.0,1.0,0.0,0.0,40.2799
3.76,2.0,4.16,1.08,0.31,119.65,0.0,1.0,0.0,0.0,1.0,0.0,0.0,0.0,1.0,0.0,1.0,0.0,45.31230000000001
38.98,3.0,3.16,1.28,0.26,15.47,1.0,0.0,0.0,0.0,1.0,0.0,0.0,1.0,0.0,1.0,0.0,0.0,57.0766
15.93,2.0,2.44,1.5,0.42,20.67,1.0,0.0,0.0,0.0,1.0,0.0,0.0,1.0,0.0,1.0,0.0,0.0,35.016400000000004
17.42,4.0,2.09,1.92,0.3,88.42,1.0,0.0,0.0,0.0,1.0,0.0,0.0,0.0,1.0,1.0,0.0,0.0,62.0624
34.9,3.0,4.9,0.85,0.25,38.29,1.0,0.0,0.0,0.0,0.0,1.0,0.0,0.0,1.0,1.0,0.0,0.0,44.1375
109.61608204688008,4.0,4.46,1.69,0.23,53.88,1.0,0.0,0.0,0.0,1.0,0.0,1.0,0.0,0.0,1.0,0.0,0.0,327.21766546350466
30.77,1.0,3.64,1.33,0.13,109.6,0.0,0.0,1.0,0.0,1.0,0.0,0.0,1.0,0.0,1.0,0.0,0.0,58.8121
2.33,2.0,3.51,1.38,0.33,105.78,0.0,0.0,1.0,0.0,1.0,0.0,0.0,1.0,0.0,0.0,1.0,0.0,43.0228
1.76,2.0,2.49,1.22,0.29,64.4,0.0,1.0,0.0,0.0,0.0,1.0,0.0,1.0,0.0,1.0,0.0,0.0,23.3132
2.29,1.0,4.26,1.8,0.41,13.54,0.0,0.0,1.0,0.0,0.0,1.0,0.0,1.0,0.0,1.0,0.0,0.0,13.9334
7.11,2.0,4.01,0.95,0.11,86.46,0.0,0.0,1.0,0.0,1.0,0.0,0.0,1.0,0.0,0.0,1.0,0.0,20.2751
25.42,1.0,3.63,0.8,0.19,109.95,0.0,0.0,1.0,0.0,1.0,0.0,0.0,1.0,0.0,1.0,0.0,0.0,60.7045
14.27,2.0,3.25,0.97,0.11,19.13,0.0,1.0,0.0,0.0,1.0,0.0,0.0,1.0,0.0,0.0,1.0,0.0,19.1962
19.16,2.0,4.64,0.57,0.29,111.87,1.0,0.0,0.0,0.0,0.0,1.0,0.0,1.0,0.0,1.0,0.0,0.0,34.5791
34.39,4.0,2.15,1.69,0.16,72.05,1.0,0.0,0.0,0.0,1.0,0.0,0.0,1.0,0.0,1.0,0.0,0.0,71.7971
22.97,2.0,2.25,0.76,0.2,60.53,0.0,0.0,0.0,1.0,0.0,1.0,0.0,1.0,0.0,0.0,1.0,0.0,31.8132
37.66,4.0,4.02,1.36,0.31,104.15,0.0,1.0,0.0,0.0,1.0,0.0,0.0,0.0,1.0,1.0,0.0,0.0,87.5241
42.08,1.0,2.27,1.41,0.19,64.53,1.0,0.0,0.0,0.0,0.0,1.0,0.0,0.0,1.0,0.0,1.0,0.0,73.86349999999999
2.81,3.0,2.82,1.12,0.38,56.65,0.0,1.0,0.0,0.0,0.0,1.0,0.0,1.0,0.0,0.0,1.0,0.0,27.4942
7.91,4.0,4.09,1.55,0.47,110.69,0.0,0.0,1.0,0.0,1.0,0.0,0.0,0.0,1.0,1.0,0.0,0.0,68.3748
4.81,1.0,4.3,1.87,0.28,117.44,1.0,0.0,0.0,0.0,0.0,1.0,0.0,1.0,0.0,1.0,0.0,0.0,46.1779
9.37,1.0,2.35,1.67,0.13,18.1,1.0,0.0,0.0,0.0,1.0,0.0,0.0,0.0,1.0,1.0,0.0,0.0,20.3509
16.84,2.0,2.17,1.01,0.12,98.03,0.0,0.0,1.0,0.0,0.0,1.0,0.0,0.0,1.0,0.0,0.0,1.0,30.942000000000004
2.53,2.0,4.14,1.1,0.45,110.59,0.0,0.0,1.0,0.0,1.0,0.0,0.0,0.0,1.0,1.0,0.0,0.0,56.688500000000005
6.56,4.0,2.32,1.59,0.38,50.68,0.0,1.0,0.0,0.0,1.0,0.0,0.0,1.0,0.0,1.0,0.0,0.0,32.0088
4.65,1.0,4.51,1.08,0.43,56.54,1.0,0.0,0.0,0.0,1.0,0.0,0.0,0.0,1.0,1.0,0.0,0.0,33.8442
45.0,3.0,3.71,1.32,0.32,28.19,0.0,1.0,0.0,0.0,0.0,1.0,1.0,0.0,0.0,1.0,0.0,0.0,72.13080000000001
26.71,4.0,4.3,1.59,0.2,111.18,1.0,0.0,0.0,0.0,0.0,1.0,0.0,1.0,0.0,0.0,1.0,0.0,69.0049
27.25,1.0,3.74,1.62,0.3,61.64,0.0,1.0,0.0,0.0,0.0,1.0,0.0,1.0,0.0,0.0,1.0,0.0,66.566
13.68,3.0,3.88,1.21,0.17,50.78,0.0,1.0,0.0,0.0,0.0,1.0,1.0,0.0,0.0,1.0,0.0,0.0,29.4758
49.38,1.0,3.64,1.03,0.28,9.47,0.0,0.0,1.0,0.0,1.0,0.0,0.0,1.0,0.0,1.0,0.0,0.0,57.153000000000006
25.76,3.0,2.39,0.56,0.21,94.76,0.0,0.0,1.0,0.0,1.0,0.0,1.0,0.0,0.0,1.0,0.0,0.0,36.7152
25.42,3.0,3.22,1.03,0.38,72.79,0.0,0.0,0.0,1.0,0.0,1.0,0.0,0.0,1.0,1.0,0.0,0.0,77.18900000000001
30.73,3.0,4.33,1.83,0.19,63.09,0.0,0.0,1.0,0.0,0.0,1.0,0.0,0.0,1.0,0.0,1.0,0.0,72.553
39.95,3.0,4.46,1.19,0.31,25.25,0.0,1.0,0.0,0.0,0.0,1.0,0.0,1.0,0.0,1.0,0.0,0.0,59.828
23.17,2.0,4.15,1.79,0.35,93.07,1.0,0.0,0.0,0.0,1.0,0.0,0.0,1.0,0.0,1.0,0.0,0.0,78.1988
5.34,2.0,2.34,1.21,0.18,12.72,1.0,0.0,0.0,0.0,1.0,0.0,0.0,1.0,0.0,1.0,0.0,0.0,10.2366
29.2,3.0,3.76,1.45,0.18,76.53,1.0,0.0,0.0,0.0,1.0,0.0,1.0,0.0,0.0,0.0,1.0,0.0,59.87539999999999
20.64,3.0,3.3,0.93,0.11,99.33,1.0,0.0,0.0,0.0,1.0,0.0,0.0,0.0,1.0,1.0,0.0,0.0,33.4215
27.14,2.0,3.99,0.57,0.49,24.44,1.0,0.0,0.0,0.0,0.0,1.0,0.0,0.0,1.0,1.0,0.0,0.0,31.4354
37.45,4.0,4.92,0.5,0.11,77.83,1.0,0.0,0.0,0.0,1.0,0.0,0.0,1.0,0.0,1.0,0.0,0.0,32.2063
21.04,2.0,2.36,0.85,0.2,72.41,1.0,0.0,0.0,0.0,1.0,0.0,0.0,1.0,0.0,0.0,1.0,0.0,34.726
41.01,1.0,3.95,1.8,0.42,16.56,0.0,0.0,1.0,0.0,1.0,0.0,0.0,0.0,1.0,1.0,0.0,0.0,84.7232
25.42,3.0,4.74,0.99,0.39,24.57,0.0,0.0,1.0,0.0,1.0,0.0,0.0,1.0,0.0,1.0,0.0,0.0,29.5584
28.92,1.0,3.5,0.62,0.11,10.15,1.0,0.0,0.0,0.0,0.0,1.0,0.0,0.0,1.0,1.0,0.0,0.0,22.5469
14.77,4.0,4.8,1.21,0.28,113.4,1.0,0.0,0.0,0.0,0.0,1.0,0.0,0.0,1.0,1.0,0.0,0.0,54.42370000000001
107.78683195771164,1.0,2.05,1.3,0.18,79.6,0.0,0.0,1.0,0.0,0.0,1.0,1.0,0.0,0.0,1.0,0.0,0.0,322.7259960920446
45.95,4.0,3.12,0.61,0.29,61.96,0.0,0.0,0.0,1.0,1.0,0.0,0.0,0.0,1.0,1.0,0.0,0.0,62.12950000000001
2.79,1.0,3.62,1.98,0.21,101.08,0.0,1.0,0.0,0.0,1.0,0.0,0.0,1.0,0.0,1.0,0.0,0.0,30.371
2.49,2.0,2.8,1.74,0.32,108.02,1.0,0.0,0.0,0.0,1.0,0.0,0.0,1.0,0.0,1.0,0.0,0.0,41.699
11.99,2.0,4.84,1.74,0.28,54.06,0.0,1.0,0.0,0.0,0.0,1.0,0.0,0.0,1.0,0.0,1.0,0.0,40.839400000000005
29.95,2.0,4.24,0.7,0.24,98.23,0.0,0.0,1.0,0.0,1.0,0.0,0.0,0.0,1.0,1.0,0.0,0.0,48.7802
25.14,2.0,3.13,1.15,0.19,43.04,1.0,0.0,0.0,0.0,1.0,0.0,0.0,0.0,1.0,0.0,1.0,0.0,40.2186
17.76,2.0,2.91,1.21,0.34,21.79,1.0,0.0,0.0,0.0,1.0,0.0,0.0,1.0,0.0,0.0,1.0,0.0,32.1634
27.93,4.0,4.15,0.56,0.2,73.35,0.0,0.0,0.0,1.0,0.0,1.0,0.0,1.0,0.0,1.0,0.0,0.0,34.4608
19.47,2.0,4.68,1.15,0.16,84.35,1.0,0.0,0.0,0.0,1.0,0.0,0.0,1.0,0.0,1.0,0.0,0.0,40.56649999999999
16.17,1.0,4.62,1.75,0.14,61.64,1.0,0.0,0.0,0.0,1.0,0.0,0.0,0.0,1.0,0.0,1.0,0.0,45.28790000000001
26.7,1.0,2.72,1.31,0.19,53.21,0.0,0.0,1.0,0.0,0.0,1.0,0.0,0.0,1.0,1.0,0.0,0.0,47.8069
42.11,1.0,3.57,1.29,0.21,45.23,0.0,1.0,0.0,0.0,1.0,0.0,1.0,0.0,0.0,1.0,0.0,0.0,67.3902
25.42,2.0,4.01,1.65,0.17,109.77,0.0,0.0,1.0,0.0,1.0,0.0,0.0,1.0,0.0,1.0,0.0,0.0,37.355900000000005
9.91,1.0,3.02,1.53,0.33,61.11,0.0,0.0,1.0,0.0,1.0,0.0,0.0,0.0,1.0,0.0,1.0,0.0,38.348600000000005
29.1,4.0,3.26,0.82,0.12,29.8,0.0,0.0,1.0,0.0,1.0,0.0,1.0,0.0,0.0,1.0,0.0,0.0,30.698
36.87,1.0,2.7,1.21,0.15,37.27,0.0,1.0,0.0,0.0,0.0,1.0,1.0,0.0,0.0,1.0,0.0,0.0,52.9032
14.34,1.0,3.69,1.85,0.29,61.64,0.0,1.0,0.0,0.0,1.0,0.0,0.0,1.0,0.0,0.0,1.0,0.0,38.035
122.82019097975328,2.0,4.13,0.96,0.12,30.98,1.0,0.0,0.0,0.0,1.0,0.0,1.0,0.0,0.0,1.0,0.0,0.0,247.5983178992313
25.42,1.0,3.38,1.5,0.31,58.31,0.0,0.0,0.0,1.0,1.0,0.0,0.0,0.0,1.0,1.0,0.0,0.0,45.8161
32.83,1.0,3.51,0.85,0.27,106.59,1.0,0.0,0.0,0.0,0.0,1.0,0.0,0.0,1.0,1.0,0.0,0.0,58.9648
34.53,3.0,3.58,1.21,0.26,59.14,0.0,0.0,1.0,0.0,1.0,0.0,0.0,0.0,1.0,1.0,0.0,0.0,60.0471
26.42,3.0,4.8,1.98,0.22,16.49,0.0,0.0,0.0,1.0,0.0,1.0,0.0,1.0,0.0,1.0,0.0,0.0,60.7394
38.68,2.0,3.92,1.17,0.42,57.24,1.0,0.0,0.0,0.0,0.0,1.0,0.0,1.0,0.0,1.0,0.0,0.0,73.2164
45.41,2.0,3.85,0.51,0.12,69.95,1.0,0.0,0.0,0.0,1.0,0.0,0.0,1.0,0.0,1.0,0.0,0.0,35.4031
31.84,3.0,3.94,0.79,0.18,91.81,0.0,1.0,0.0,0.0,1.0,0.0,1.0,0.0,0.0,0.0,0.0,1.0,45.6194
37.78,2.0,4.4,0.72,0.23,40.76,0.0,0.0,0.0,1.0,0.0,1.0,0.0,0.0,1.0,1.0,0.0,0.0,40.9764
26.61,4.0,3.07,0.68,0.18,65.91,0.0,0.0,1.0,0.0,1.0,0.0,0.0,1.0,0.0,0.0,1.0,0.0,33.0286
32.52,4.0,3.55,1.86,0.18,98.97,0.0,0.0,1.0,0.0,1.0,0.0,0.0,0.0,1.0,0.0,1.0,0.0,81.85180000000001
32.4,4.0,4.33,1.88,0.28,13.17,0.0,0.0,0.0,1.0,0.0,1.0,0.0,1.0,0.0,1.0,0.0,0.0,68.9296
45.36,3.0,2.7,0.77,0.24,70.04,0.0,0.0,0.0,1.0,1.0,0.0,0.0,0.0,1.0,1.0,0.0,0.0,54.436800000000005
29.97,3.0,4.17,0.56,0.45,97.58,0.0,0.0,1.0,0.0,1.0,0.0,0.0,0.0,1.0,1.0,0.0,0.0,64.86420000000001
28.28,2.0,3.15,1.17,0.4,103.28,1.0,0.0,0.0,0.0,1.0,0.0,0.0,1.0,0.0,0.0,1.0,0.0,77.5496
15.91,4.0,4.42,1.77,0.21,114.93,0.0,0.0,1.0,0.0,1.0,0.0,0.0,1.0,0.0,1.0,0.0,0.0,56.716
35.48,3.0,3.23,1.43,0.38,72.19,1.0,0.0,0.0,0.0,1.0,0.0,0.0,1.0,0.0,1.0,0.0,0.0,81.39859999999999
2.8,3.0,2.45,1.21,0.45,86.63,0.0,0.0,1.0,0.0,1.0,0.0,0.0,1.0,0.0,1.0,0.0,0.0,44.2055
47.55,4.0,4.78,1.97,0.27,94.35,0.0,0.0,1.0,0.0,1.0,0.0,0.0,1.0,0.0,1.0,0.0,0.0,123.928
7.23,1.0,3.51,1.2,0.39,55.29,0.0,1.0,0.0,0.0,1.0,0.0,0.0,1.0,0.0,1.0,0.0,0.0,33.7491
32.61,1.0,3.51,0.7,0.31,11.91,1.0,0.0,0.0,0.0,1.0,0.0,0.0,0.0,1.0,1.0,0.0,0.0,31.3891
1.97,1.0,2.08,1.98,0.37,71.48,1.0,0.0,0.0,0.0,1.0,0.0,0.0,0.0,1.0,1.0,0.0,0.0,32.428200000000004
14.34,1.0,3.23,1.01,0.29,45.07,1.0,0.0,0.0,0.0,1.0,0.0,0.0,0.0,1.0,1.0,0.0,0.0,30.7837
13.64,2.0,2.63,1.11,0.16,51.91,0.0,0.0,0.0,1.0,0.0,1.0,0.0,0.0,1.0,0.0,1.0,0.0,26.076
4.22,3.0,4.02,1.81,0.16,83.98,0.0,1.0,0.0,0.0,1.0,0.0,0.0,1.0,0.0,1.0,0.0,0.0,25.095
31.06,4.0,4.41,0.88,0.44,37.97,0.0,1.0,0.0,0.0,1.0,0.0,0.0,1.0,0.0,1.0,0.0,0.0,48.4496
30.25,2.0,2.38,1.17,0.48,17.18,0.0,1.0,0.0,0.0,0.0,1.0,0.0,0.0,1.0,1.0,0.0,0.0,46.0189
40.83,1.0,3.87,1.5,0.24,45.05,1.0,0.0,0.0,0.0,1.0,0.0,0.0,0.0,1.0,1.0,0.0,0.0,75.92699999999999
21.03,4.0,4.74,1.41,0.4,105.47,0.0,1.0,0.0,0.0,1.0,0.0,0.0,1.0,0.0,1.0,0.0,0.0,76.5803
35.11,3.0,3.29,1.36,0.45,42.67,1.0,0.0,0.0,0.0,1.0,0.0,0.0,1.0,0.0,0.0,1.0,0.0,70.2411
17.94,1.0,3.69,0.69,0.49,85.75,0.0,0.0,1.0,0.0,1.0,0.0,1.0,0.0,0.0,1.0,0.0,0.0,58.0861
24.88,2.0,3.4,1.54,0.2,68.14,0.0,0.0,1.0,0.0,0.0,1.0,1.0,0.0,0.0,1.0,0.0,0.0,55.3432
8.44,3.0,2.06,0.63,0.45,75.4,0.0,1.0,0.0,0.0,0.0,1.0,0.0,1.0,0.0,1.0,0.0,0.0,41.30720000000001
9.88,1.0,4.12,0.87,0.18,72.77,0.0,0.0,1.0,0.0,0.0,1.0,0.0,0.0,1.0,1.0,0.0,0.0,25.8142
39.21,2.0,2.88,0.94,0.21,70.94,0.0,0.0,1.0,0.0,1.0,0.0,0.0,1.0,0.0,0.0,0.0,1.0,54.6348
25.42,1.0,3.64,1.22,0.18,75.87,1.0,0.0,0.0,0.0,1.0,0.0,0.0,0.0,1.0,1.0,0.0,0.0,38.4514
43.98,4.0,4.53,1.21,0.32,47.22,0.0,1.0,0.0,0.0,0.0,1.0,0.0,1.0,0.0,1.0,0.0,0.0,72.8562
27.27,3.0,2.52,0.78,0.37,65.42,1.0,0.0,0.0,0.0,0.0,1.0,1.0,0.0,0.0,1.0,0.0,0.0,47.996
41.7,2.0,2.46,1.35,0.33,66.74,1.0,0.0,0.0,0.0,1.0,0.0,0.0,1.0,0.0,1.0,0.0,0.0,80.7792
42.63,1.0,4.14,1.21,0.21,17.36,0.0,0.0,1.0,0.0,0.0,1.0,1.0,0.0,0.0,1.0,0.0,0.0,46.15260000000001
41.61,3.0,2.79,0.78,0.15,61.64,0.0,1.0,0.0,0.0,0.0,1.0,0.0,1.0,0.0,0.0,1.0,0.0,47.314800000000005
35.21,4.0,3.94,0.56,0.39,110.06,1.0,0.0,0.0,0.0,0.0,1.0,0.0,0.0,1.0,1.0,0.0,0.0,66.581
7.32,4.0,2.62,1.43,0.39,117.69,1.0,0.0,0.0,0.0,1.0,0.0,0.0,0.0,1.0,1.0,0.0,0.0,58.9867
11.19,3.0,4.05,0.6,0.3,84.0,1.0,0.0,0.0,0.0,1.0,0.0,0.0,1.0,0.0,1.0,0.0,0.0,35.964
29.59,4.0,4.6,1.32,0.28,75.26,1.0,0.0,0.0,0.0,0.0,1.0,1.0,0.0,0.0,0.0,0.0,1.0,64.73160000000001
40.66,2.0,3.9,0.67,0.3,34.29,1.0,0.0,0.0,0.0,1.0,0.0,0.0,0.0,1.0,1.0,0.0,0.0,41.4292
23.35,3.0,3.59,0.6,0.24,66.8,0.0,0.0,0.0,1.0,1.0,0.0,0.0,1.0,0.0,0.0,1.0,0.0,33.632000000000005
3.0,1.0,3.79,0.73,0.28,9.82,1.0,0.0,0.0,0.0,1.0,0.0,0.0,1.0,0.0,1.0,0.0,0.0,8.729600000000001
45.16,3.0,2.04,1.21,0.41,85.1,1.0,0.0,0.0,0.0,0.0,1.0,1.0,0.0,0.0,1.0,0.0,0.0,79.833
3.0,2.0,2.17,0.73,0.45,34.01,0.0,0.0,1.0,0.0,1.0,0.0,0.0,1.0,0.0,1.0,0.0,0.0,19.6645
11.58,3.0,4.93,0.97,0.17,63.28,0.0,0.0,1.0,0.0,1.0,0.0,0.0,1.0,0.0,0.0,1.0,0.0,26.9202
5.12,4.0,3.51,1.62,0.4,61.64,0.0,0.0,1.0,0.0,1.0,0.0,0.0,0.0,1.0,1.0,0.0,0.0,51.45840000000001
5.47,3.0,2.49,1.22,0.29,118.44,1.0,0.0,0.0,0.0,1.0,0.0,0.0,1.0,0.0,1.0,0.0,0.0,44.69539999999999
25.42,4.0,2.82,1.18,0.42,91.53,0.0,0.0,1.0,0.0,0.0,1.0,0.0,0.0,1.0,1.0,0.0,0.0,47.375
25.42,2.0,2.72,1.25,0.24,49.77,0.0,0.0,1.0,0.0,1.0,0.0,0.0,1.0,0.0,0.0,1.0,0.0,59.1773
40.72,2.0,3.64,0.62,0.35,98.49,0.0,1.0,0.0,0.0,1.0,0.0,1.0,0.0,0.0,1.0,0.0,0.0,63.3579
19.92,4.0,3.33,0.96,0.49,84.95,0.0,0.0,1.0,0.0,1.0,0.0,0.0,1.0,0.0,1.0,0.0,0.0,64.0787
6.55,3.0,4.43,0.55,0.3,45.41,0.0,0.0,1.0,0.0,0.0,1.0,0.0,0.0,1.0,0.0,1.0,0.0,21.6555
18.44,2.0,4.99,1.9,0.18,44.45,1.0,0.0,0.0,0.0,1.0,0.0,0.0,1.0,0.0,0.0,1.0,0.0,48.027
15.14,3.0,2.73,0.7,0.37,89.96,0.0,0.0,1.0,0.0,1.0,0.0,0.0,1.0,0.0,0.0,1.0,0.0,46.61319999999999
25.42,3.0,4.52,1.38,0.35,57.56,1.0,0.0,0.0,0.0,1.0,0.0,0.0,1.0,0.0,1.0,0.0,0.0,73.587
8.56,4.0,2.63,1.21,0.33,83.03,0.0,0.0,0.0,1.0,0.0,1.0,0.0,0.0,1.0,1.0,0.0,0.0,46.2939
15.43,3.0,3.16,0.96,0.41,73.79,0.0,1.0,0.0,0.0,0.0,1.0,0.0,0.0,1.0,1.0,0.0,0.0,48.2267
45.47,4.0,2.12,1.28,0.23,56.93,0.0,0.0,0.0,1.0,0.0,1.0,0.0,1.0,0.0,0.0,1.0,0.0,73.4155
17.7,1.0,3.39,1.24,0.3,6.12,1.0,0.0,0.0,0.0,0.0,1.0,0.0,0.0,1.0,1.0,0.0,0.0,27.174
35.95,4.0,3.58,0.95,0.44,6.1,1.0,0.0,0.0,0.0,0.0,1.0,0.0,1.0,0.0,1.0,0.0,0.0,40.4165
29.63,3.0,2.43,1.76,0.28,6.31,1.0,0.0,0.0,0.0,1.0,0.0,1.0,0.0,0.0,1.0,0.0,0.0,56.345600000000005
33.28,1.0,4.55,1.86,0.42,8.33,1.0,0.0,0.0,0.0,1.0,0.0,0.0,0.0,1.0,0.0,1.0,0.0,69.9494
20.26,3.0,2.29,0.63,0.27,29.7,0.0,0.0,1.0,0.0,1.0,0.0,0.0,1.0,0.0,0.0,1.0,0.0,23.0728
14.59,2.0,3.51,0.86,0.21,44.14,0.0,0.0,1.0,0.0,0.0,1.0,0.0,0.0,1.0,1.0,0.0,0.0,25.1968
1.34,3.0,3.64,1.33,0.46,37.6,1.0,0.0,0.0,0.0,0.0,1.0,0.0,0.0,1.0,1.0,0.0,0.0,22.718200000000003
30.09,2.0,3.54,1.63,0.22,45.84,0.0,0.0,1.0,0.0,0.0,1.0,0.0,1.0,0.0,1.0,0.0,0.0,62.6715
18.95,1.0,3.38,0.78,0.39,54.04,0.0,0.0,0.0,1.0,1.0,0.0,0.0,1.0,0.0,1.0,0.0,0.0,39.2366
20.23,2.0,3.93,1.42,0.38,7.17,1.0,0.0,0.0,0.0,0.0,1.0,0.0,1.0,0.0,1.0,0.0,0.0,35.3812
36.72,2.0,2.39,1.56,0.17,13.03,1.0,0.0,0.0,0.0,0.0,1.0,0.0,1.0,0.0,1.0,0.0,0.0,61.8883
46.56,3.0,4.46,0.87,0.46,119.21,0.0,0.0,1.0,0.0,1.0,0.0,0.0,1.0,0.0,1.0,0.0,0.0,99.8038
2.83,1.0,3.99,0.96,0.19,11.65,0.0,0.0,1.0,0.0,1.0,0.0,0.0,1.0,0.0,0.0,0.0,1.0,8.920300000000001
21.65,3.0,2.18,1.05,0.29,24.22,0.0,1.0,0.0,0.0,1.0,0.0,1.0,0.0,0.0,1.0,0.0,0.0,31.6941
32.81,2.0,4.84,1.21,0.23,64.74,1.0,0.0,0.0,0.0,0.0,1.0,0.0,1.0,0.0,1.0,0.0,0.0,55.82120000000001
38.02,4.0,3.51,1.31,0.35,33.73,0.0,1.0,0.0,0.0,1.0,0.0,0.0,1.0,0.0,1.0,0.0,0.0,66.2817
